
	<!DOCTYPE project [
		<!ELEMENT project (objectids-table | current-scenario | duration | aggregation-period | truncated-mean | percentile)* >
	
		<!ELEMENT objectids-table (objectids-entry)* >
		<!ELEMENT objectids-entry (#PCDATA)>
		<!ELEMENT duration (#PCDATA)>
		<!ELEMENT truncated-mean (#PCDATA)>
		<!ELEMENT percentile (#PCDATA)>
		<!ELEMENT aggregation-period (#PCDATA)>
		<!ELEMENT current-scenario (#PCDATA)>
		<!ATTLIST duration
		    value CDATA #REQUIRED>
	    <!ATTLIST aggregation-period
		    value CDATA #REQUIRED>
		<!ATTLIST objectids-entry
		    objectid CDATA #REQUIRED
		    type CDATA #REQUIRED
		    value CDATA #REQUIRED
		    key CDATA #REQUIRED>
		<!ATTLIST truncated-mean
		    centered-interval CDATA #REQUIRED
		    percentage CDATA #REQUIRED>
		 <!ATTLIST percentile
		    percentage CDATA #REQUIRED>
	]>


<!--****** RUNTIME PROJECT ******--><project>
<!--****** CURRENT SCENARIO ******-->
<current-scenario>scenario1</current-scenario>
<!--****** OBJECTIDS ******-->
<objectids-table>
<objectids-entry key="" objectid="0" type="LG_HOST" value="localhost:7100"/>
<objectids-entry key="" objectid="1" type="ZONE" value="Default zone"/>
<objectids-entry key="Default zone¤HipsterShop_buyer¤" objectid="2" type="POPULATION" value="HipsterShop_buyer"/>
<objectids-entry key="Default zone¤HipsterShop_buyer¤Hipstershop_Buyer" objectid="3" type="VIRTUAL_USER" value="Hipstershop_Buyer"/>
<objectids-entry key="Default zone¤HipsterShop_buyer¤Hipstershop_Buyer" objectid="4" type="BASIC_LOGICAL_CONTAINER" value="$parent=Hipstershop_Buyer;$index=0"/>
<objectids-entry key="Default zone¤HipsterShop_buyer¤Hipstershop_Buyer" objectid="5" type="BASIC_LOGICAL_CONTAINER" value="$parent=Hipstershop_Buyer;$index=1"/>
<objectids-entry key="Default zone¤HipsterShop_buyer¤Hipstershop_Buyer" objectid="6" type="LOOP" value="2b201463-99cc-4a98-821e-0ca777d66382"/>
<objectids-entry key="Default zone¤HipsterShop_buyer¤Hipstershop_Buyer" objectid="7" type="BASIC_LOGICAL_CONTAINER" value="e323cbd8-2adc-4591-a011-6a96b10d5e41"/>
<objectids-entry key="Default zone¤HipsterShop_buyer¤Hipstershop_Buyer" objectid="8" type="HTTP_PAGE" value="c1e80ed2-449b-4f3a-9599-277852c02c92"/>
<objectids-entry key="Default zone¤HipsterShop_buyer¤Hipstershop_Buyer" objectid="9" type="ACTION" value="8451e857-8dc8-4401-9fd6-b7a280dc3d20"/>
<objectids-entry key="Default zone¤HipsterShop_buyer¤Hipstershop_Buyer" objectid="10" type="IF" value="a3a2ea5a-7934-4218-bb31-6d4ca8b56d8b"/>
<objectids-entry key="Default zone¤HipsterShop_buyer¤Hipstershop_Buyer" objectid="11" type="BASIC_LOGICAL_CONTAINER" value="$parent=a3a2ea5a-7934-4218-bb31-6d4ca8b56d8b;$index=0"/>
<objectids-entry key="Default zone¤HipsterShop_buyer¤Hipstershop_Buyer" objectid="12" type="BASIC_LOGICAL_CONTAINER" value="75d045f1-ea03-4330-a1dc-9e1a07025aba"/>
<objectids-entry key="Default zone¤HipsterShop_buyer¤Hipstershop_Buyer" objectid="13" type="HTTP_PAGE" value="b726a8b6-a74f-4c72-a83f-cf9297610803"/>
<objectids-entry key="Default zone¤HipsterShop_buyer¤Hipstershop_Buyer" objectid="14" type="ACTION" value="1b9e1072-a3bc-48d9-8450-f0768ff7fb87"/>
<objectids-entry key="Default zone¤HipsterShop_buyer¤Hipstershop_Buyer" objectid="15" type="BASIC_LOGICAL_CONTAINER" value="418196a4-e210-447e-8747-323b60de03ad"/>
<objectids-entry key="Default zone¤HipsterShop_buyer¤Hipstershop_Buyer" objectid="16" type="BASIC_LOGICAL_CONTAINER" value="dc5bb898-29c7-4bfd-9135-353f26738598"/>
<objectids-entry key="Default zone¤HipsterShop_buyer¤Hipstershop_Buyer" objectid="17" type="HTTP_PAGE" value="84e74179-4077-4133-969f-d20f2d0577fb"/>
<objectids-entry key="Default zone¤HipsterShop_buyer¤Hipstershop_Buyer" objectid="18" type="ACTION" value="3a6d0c5c-a977-4e80-963f-9c0ba637b80d"/>
<objectids-entry key="Default zone¤HipsterShop_buyer¤Hipstershop_Buyer" objectid="19" type="ACTION" value="4af4bb68-b39d-4a45-a4e9-3fcaee9e6c04"/>
<objectids-entry key="Default zone¤HipsterShop_buyer¤Hipstershop_Buyer" objectid="20" type="BASIC_LOGICAL_CONTAINER" value="e80e9a6f-4e05-424c-8f03-27e8e72aeb95"/>
<objectids-entry key="Default zone¤HipsterShop_buyer¤Hipstershop_Buyer" objectid="21" type="HTTP_PAGE" value="de8d2541-9d60-442f-bbd8-88ef94191885"/>
<objectids-entry key="Default zone¤HipsterShop_buyer¤Hipstershop_Buyer" objectid="22" type="ACTION" value="cfef2122-3dfc-4a49-a5df-02f33a4ded3a"/>
<objectids-entry key="Default zone¤HipsterShop_buyer¤Hipstershop_Buyer" objectid="23" type="BASIC_LOGICAL_CONTAINER" value="$parent=a3a2ea5a-7934-4218-bb31-6d4ca8b56d8b;$index=1"/>
<objectids-entry key="Default zone¤HipsterShop_buyer¤Hipstershop_Buyer" objectid="24" type="BASIC_LOGICAL_CONTAINER" value="662f9857-e9c2-4246-8224-5d674e156a52"/>
<objectids-entry key="Default zone¤HipsterShop_buyer¤Hipstershop_Buyer" objectid="25" type="HTTP_PAGE" value="8fdec024-ccc7-41d7-b459-3dc6caa6617f"/>
<objectids-entry key="Default zone¤HipsterShop_buyer¤Hipstershop_Buyer" objectid="26" type="ACTION" value="2ed37de7-f876-4ba1-810e-ad28bf62443f"/>
<objectids-entry key="Default zone¤HipsterShop_buyer¤Hipstershop_Buyer" objectid="27" type="BASIC_LOGICAL_CONTAINER" value="c180fea3-5bc5-4194-a875-544ad92477cf"/>
<objectids-entry key="Default zone¤HipsterShop_buyer¤Hipstershop_Buyer" objectid="28" type="HTTP_PAGE" value="04806267-9475-4d7f-9eac-f9894610b346"/>
<objectids-entry key="Default zone¤HipsterShop_buyer¤Hipstershop_Buyer" objectid="29" type="ACTION" value="1c9ad1de-71fb-43bb-be3d-e066672f32f9"/>
<objectids-entry key="Default zone¤HipsterShop_buyer¤Hipstershop_Buyer" objectid="30" type="BASIC_LOGICAL_CONTAINER" value="$parent=Hipstershop_Buyer;$index=2"/>
<objectids-entry key="Default zone¤Sockshop_Buyer¤" objectid="31" type="POPULATION" value="Sockshop_Buyer"/>
<objectids-entry key="Default zone¤Sockshop_Buyer¤Sockshop_Buyer" objectid="32" type="VIRTUAL_USER" value="Sockshop_Buyer"/>
<objectids-entry key="Default zone¤Sockshop_Buyer¤Sockshop_Buyer" objectid="33" type="BASIC_LOGICAL_CONTAINER" value="$parent=Sockshop_Buyer;$index=0"/>
<objectids-entry key="Default zone¤Sockshop_Buyer¤Sockshop_Buyer" objectid="34" type="BASIC_LOGICAL_CONTAINER" value="$parent=Sockshop_Buyer;$index=1"/>
<objectids-entry key="Default zone¤Sockshop_Buyer¤Sockshop_Buyer" objectid="35" type="BASIC_LOGICAL_CONTAINER" value="e4aec828-d2ab-48c6-b21d-d4545bfcbe56"/>
<objectids-entry key="Default zone¤Sockshop_Buyer¤Sockshop_Buyer" objectid="36" type="HTTP_PAGE" value="491b94d4-a4c0-484c-ae9c-c89dc240abf3"/>
<objectids-entry key="Default zone¤Sockshop_Buyer¤Sockshop_Buyer" objectid="37" type="ACTION" value="4a48cee8-7577-4b19-b44c-765a227f1632"/>
<objectids-entry key="Default zone¤Sockshop_Buyer¤Sockshop_Buyer" objectid="38" type="ACTION" value="54ea4781-6732-41e0-ae89-3527cb6ecf39"/>
<objectids-entry key="Default zone¤Sockshop_Buyer¤Sockshop_Buyer" objectid="39" type="ACTION" value="733bd6b2-58ff-4288-882f-84f44a7ea7dd"/>
<objectids-entry key="Default zone¤Sockshop_Buyer¤Sockshop_Buyer" objectid="40" type="ACTION" value="ca419d14-5457-4489-89c6-be909b4ed325"/>
<objectids-entry key="Default zone¤Sockshop_Buyer¤Sockshop_Buyer" objectid="41" type="ACTION" value="30bebde2-141e-46b5-8045-86359ab13d65"/>
<objectids-entry key="Default zone¤Sockshop_Buyer¤Sockshop_Buyer" objectid="42" type="ACTION" value="66da3483-212e-4573-b1fe-739a05025975"/>
<objectids-entry key="Default zone¤Sockshop_Buyer¤Sockshop_Buyer" objectid="43" type="ACTION" value="1cf3b23f-be4f-48d4-9d45-4a81b4a0157e"/>
<objectids-entry key="Default zone¤Sockshop_Buyer¤Sockshop_Buyer" objectid="44" type="ACTION" value="1fd01efc-4386-4c9e-b7a2-9d0faa034d9c"/>
<objectids-entry key="Default zone¤Sockshop_Buyer¤Sockshop_Buyer" objectid="45" type="ACTION" value="87e9d5e8-d601-4f8f-b823-8841d6dbc0bf"/>
<objectids-entry key="Default zone¤Sockshop_Buyer¤Sockshop_Buyer" objectid="46" type="ACTION" value="11011ee6-af16-4090-86ae-610cdf6df8d2"/>
<objectids-entry key="Default zone¤Sockshop_Buyer¤Sockshop_Buyer" objectid="47" type="ACTION" value="cb49333e-538e-47d4-b2d4-35ff90623307"/>
<objectids-entry key="Default zone¤Sockshop_Buyer¤Sockshop_Buyer" objectid="48" type="ACTION" value="c66f3dce-289f-4abe-88c6-bb27a652ea55"/>
<objectids-entry key="Default zone¤Sockshop_Buyer¤Sockshop_Buyer" objectid="49" type="ACTION" value="d6a9ba10-19c8-40eb-83af-b41a754908b3"/>
<objectids-entry key="Default zone¤Sockshop_Buyer¤Sockshop_Buyer" objectid="50" type="ACTION" value="cca20533-0d21-4ef3-a329-9d27d38415ed"/>
<objectids-entry key="Default zone¤Sockshop_Buyer¤Sockshop_Buyer" objectid="51" type="ACTION" value="4aa7fcd4-b3e4-4384-ac66-2748f5e4b6a7"/>
<objectids-entry key="Default zone¤Sockshop_Buyer¤Sockshop_Buyer" objectid="52" type="ACTION" value="aca4afad-5cad-443e-963d-2591f6f2f375"/>
<objectids-entry key="Default zone¤Sockshop_Buyer¤Sockshop_Buyer" objectid="53" type="ACTION" value="a87f2270-2b0f-4429-a2bc-a163ba0d33dc"/>
<objectids-entry key="Default zone¤Sockshop_Buyer¤Sockshop_Buyer" objectid="54" type="ACTION" value="990c9915-f2af-4f67-af28-adda99633b85"/>
<objectids-entry key="Default zone¤Sockshop_Buyer¤Sockshop_Buyer" objectid="55" type="ACTION" value="e22861c8-9fdb-4821-8146-31d0b06680ae"/>
<objectids-entry key="Default zone¤Sockshop_Buyer¤Sockshop_Buyer" objectid="56" type="ACTION" value="0dd9d487-fc22-409c-ae52-ac27d9412c46"/>
<objectids-entry key="Default zone¤Sockshop_Buyer¤Sockshop_Buyer" objectid="57" type="ACTION" value="fa84119e-1d11-443b-90ee-1cd1616aa53a"/>
<objectids-entry key="Default zone¤Sockshop_Buyer¤Sockshop_Buyer" objectid="58" type="ACTION" value="3db84f69-0c94-4da9-aa72-b4d18740021e"/>
<objectids-entry key="Default zone¤Sockshop_Buyer¤Sockshop_Buyer" objectid="59" type="ACTION" value="a8ccd271-c789-4cd2-ab02-aa77b5a1ffea"/>
<objectids-entry key="Default zone¤Sockshop_Buyer¤Sockshop_Buyer" objectid="60" type="ACTION" value="93c64ad3-b955-48b9-a411-91ef5877652d"/>
<objectids-entry key="Default zone¤Sockshop_Buyer¤Sockshop_Buyer" objectid="61" type="ACTION" value="6fe32d63-8b06-4fb9-8b37-7c90eeb0d286"/>
<objectids-entry key="Default zone¤Sockshop_Buyer¤Sockshop_Buyer" objectid="62" type="HTTP_PAGE" value="d7ee14f5-9fee-492b-9349-274c9c15771a"/>
<objectids-entry key="Default zone¤Sockshop_Buyer¤Sockshop_Buyer" objectid="63" type="ACTION" value="d59f3e7e-9396-4d53-bd33-a64ee2f5437b"/>
<objectids-entry key="Default zone¤Sockshop_Buyer¤Sockshop_Buyer" objectid="64" type="HTTP_PAGE" value="01ad0535-94ea-474b-8359-58a8b402ce89"/>
<objectids-entry key="Default zone¤Sockshop_Buyer¤Sockshop_Buyer" objectid="65" type="ACTION" value="f9a7c786-c023-4596-9795-d4f5b87dce21"/>
<objectids-entry key="Default zone¤Sockshop_Buyer¤Sockshop_Buyer" objectid="66" type="ACTION" value="1e3afdb2-8d3f-48c9-a218-58497d5603dc"/>
<objectids-entry key="Default zone¤Sockshop_Buyer¤Sockshop_Buyer" objectid="67" type="ACTION" value="3087a416-d193-450d-af21-a7c8cda33270"/>
<objectids-entry key="Default zone¤Sockshop_Buyer¤Sockshop_Buyer" objectid="68" type="ACTION" value="944d21f9-364a-4f70-b007-1d197cb873b6"/>
<objectids-entry key="Default zone¤Sockshop_Buyer¤Sockshop_Buyer" objectid="69" type="ACTION" value="8982aeba-ab41-4277-b5be-07f6865f36f5"/>
<objectids-entry key="Default zone¤Sockshop_Buyer¤Sockshop_Buyer" objectid="70" type="HTTP_PAGE" value="32ca2db6-d458-4edc-966f-3eb9e19530cd"/>
<objectids-entry key="Default zone¤Sockshop_Buyer¤Sockshop_Buyer" objectid="71" type="ACTION" value="10a8cee3-8c02-4799-bd75-b206f62337d5"/>
<objectids-entry key="Default zone¤Sockshop_Buyer¤Sockshop_Buyer" objectid="72" type="ACTION" value="95040fdc-9191-498b-a25c-eb1b2ec2d8bc"/>
<objectids-entry key="Default zone¤Sockshop_Buyer¤Sockshop_Buyer" objectid="73" type="ACTION" value="f5857f15-182f-465c-973e-b19865cde1de"/>
<objectids-entry key="Default zone¤Sockshop_Buyer¤Sockshop_Buyer" objectid="74" type="ACTION" value="add83572-ccf6-4fa3-81c7-dd52a34013c0"/>
<objectids-entry key="Default zone¤Sockshop_Buyer¤Sockshop_Buyer" objectid="75" type="ACTION" value="1b34dab4-3674-4b90-bf8a-b6ee9f022106"/>
<objectids-entry key="Default zone¤Sockshop_Buyer¤Sockshop_Buyer" objectid="76" type="ACTION" value="c5dc6dab-44d5-471f-a96b-8062db872c4e"/>
<objectids-entry key="Default zone¤Sockshop_Buyer¤Sockshop_Buyer" objectid="77" type="ACTION" value="bce3bcc6-ffd2-44eb-b5b3-aa7d1adba807"/>
<objectids-entry key="Default zone¤Sockshop_Buyer¤Sockshop_Buyer" objectid="78" type="LOOP" value="4316acda-2c28-48fb-be1c-39c95f06028e"/>
<objectids-entry key="Default zone¤Sockshop_Buyer¤Sockshop_Buyer" objectid="79" type="BASIC_LOGICAL_CONTAINER" value="206bd954-916a-4be5-acf9-bf595970f36f"/>
<objectids-entry key="Default zone¤Sockshop_Buyer¤Sockshop_Buyer" objectid="80" type="HTTP_PAGE" value="9811bb79-b209-428e-a051-b28cd1644dc7"/>
<objectids-entry key="Default zone¤Sockshop_Buyer¤Sockshop_Buyer" objectid="81" type="ACTION" value="b73bbb6a-8322-46ae-8b59-6cb88a6e8e79"/>
<objectids-entry key="Default zone¤Sockshop_Buyer¤Sockshop_Buyer" objectid="82" type="ACTION" value="2ad1b6f7-68fa-4a42-9d4e-70950bba2a8a"/>
<objectids-entry key="Default zone¤Sockshop_Buyer¤Sockshop_Buyer" objectid="83" type="ACTION" value="5619a3f2-fc98-453a-85d7-8d2c42151a55"/>
<objectids-entry key="Default zone¤Sockshop_Buyer¤Sockshop_Buyer" objectid="84" type="ACTION" value="fe386e86-5540-474b-bc93-6c2af766fc07"/>
<objectids-entry key="Default zone¤Sockshop_Buyer¤Sockshop_Buyer" objectid="85" type="ACTION" value="47eb3cfa-1e8a-4df1-8afb-07b5f4ec527e"/>
<objectids-entry key="Default zone¤Sockshop_Buyer¤Sockshop_Buyer" objectid="86" type="ACTION" value="70990659-0f2d-4cf9-9130-e39e29f83c3e"/>
<objectids-entry key="Default zone¤Sockshop_Buyer¤Sockshop_Buyer" objectid="87" type="ACTION" value="b2f432c1-ce2d-4fc1-aff0-add2a03e2cf8"/>
<objectids-entry key="Default zone¤Sockshop_Buyer¤Sockshop_Buyer" objectid="88" type="ACTION" value="a1a10019-26e1-4fc4-b3cc-dfa538cbb1c4"/>
<objectids-entry key="Default zone¤Sockshop_Buyer¤Sockshop_Buyer" objectid="89" type="ACTION" value="13162efc-e0a2-41dc-a514-dc82d5beb177"/>
<objectids-entry key="Default zone¤Sockshop_Buyer¤Sockshop_Buyer" objectid="90" type="ACTION" value="fc32a232-108c-4d01-9254-7c060acf95ca"/>
<objectids-entry key="Default zone¤Sockshop_Buyer¤Sockshop_Buyer" objectid="91" type="ACTION" value="8222152f-7fde-4dca-a1a2-a0851c121430"/>
<objectids-entry key="Default zone¤Sockshop_Buyer¤Sockshop_Buyer" objectid="92" type="ACTION" value="84b246db-d6f0-4c4b-a4b4-ba8b4b0ff876"/>
<objectids-entry key="Default zone¤Sockshop_Buyer¤Sockshop_Buyer" objectid="93" type="ACTION" value="46199d7b-0eab-4a4e-8b7a-70c925aa2ed4"/>
<objectids-entry key="Default zone¤Sockshop_Buyer¤Sockshop_Buyer" objectid="94" type="ACTION" value="ac7c4742-6ef4-4efe-a687-5f98351cf1cd"/>
<objectids-entry key="Default zone¤Sockshop_Buyer¤Sockshop_Buyer" objectid="95" type="ACTION" value="0c1b9023-05c1-40b3-958d-ac95b6911156"/>
<objectids-entry key="Default zone¤Sockshop_Buyer¤Sockshop_Buyer" objectid="96" type="ACTION" value="d70a2bf5-b48a-4c73-9463-fbd7eb6bae07"/>
<objectids-entry key="Default zone¤Sockshop_Buyer¤Sockshop_Buyer" objectid="97" type="ACTION" value="11edbb0e-f7e2-4d07-af93-8f75af41887b"/>
<objectids-entry key="Default zone¤Sockshop_Buyer¤Sockshop_Buyer" objectid="98" type="ACTION" value="862f1b80-4be3-4518-a843-109d0cf2e97f"/>
<objectids-entry key="Default zone¤Sockshop_Buyer¤Sockshop_Buyer" objectid="99" type="ACTION" value="a61a17d0-49ec-41ef-ad1f-89bc15e82ec4"/>
<objectids-entry key="Default zone¤Sockshop_Buyer¤Sockshop_Buyer" objectid="100" type="ACTION" value="f1cea375-2474-4874-add7-efb98bb4fb96"/>
<objectids-entry key="Default zone¤Sockshop_Buyer¤Sockshop_Buyer" objectid="101" type="HTTP_PAGE" value="a206d180-5e77-41e3-be4d-ac1861c7b62c"/>
<objectids-entry key="Default zone¤Sockshop_Buyer¤Sockshop_Buyer" objectid="102" type="ACTION" value="72bbaa14-f7bf-4e14-99a7-6618573c93f3"/>
<objectids-entry key="Default zone¤Sockshop_Buyer¤Sockshop_Buyer" objectid="103" type="HTTP_PAGE" value="d40efd77-0804-4c5e-9c36-e3b9ad96f79a"/>
<objectids-entry key="Default zone¤Sockshop_Buyer¤Sockshop_Buyer" objectid="104" type="ACTION" value="228b320b-3c40-4265-aafa-fede1aa2a21c"/>
<objectids-entry key="Default zone¤Sockshop_Buyer¤Sockshop_Buyer" objectid="105" type="ACTION" value="8389f6ef-8b80-4936-9388-a182a3431649"/>
<objectids-entry key="Default zone¤Sockshop_Buyer¤Sockshop_Buyer" objectid="106" type="ACTION" value="b6e2312b-4d70-4345-b99d-c2f431244643"/>
<objectids-entry key="Default zone¤Sockshop_Buyer¤Sockshop_Buyer" objectid="107" type="ACTION" value="4241408e-3641-4049-9ba4-e0c4434a7843"/>
<objectids-entry key="Default zone¤Sockshop_Buyer¤Sockshop_Buyer" objectid="108" type="ACTION" value="72ea35eb-49fe-45a0-a578-28ad2adb297a"/>
<objectids-entry key="Default zone¤Sockshop_Buyer¤Sockshop_Buyer" objectid="109" type="HTTP_PAGE" value="9b3b49fa-bf25-4523-a334-fde1ab3953f6"/>
<objectids-entry key="Default zone¤Sockshop_Buyer¤Sockshop_Buyer" objectid="110" type="ACTION" value="2968ec31-6227-4c7e-80ff-25588567c635"/>
<objectids-entry key="Default zone¤Sockshop_Buyer¤Sockshop_Buyer" objectid="111" type="ACTION" value="317e74ff-28b1-4577-9ba8-44b1db06bf77"/>
<objectids-entry key="Default zone¤Sockshop_Buyer¤Sockshop_Buyer" objectid="112" type="ACTION" value="8934bcaa-a0e4-4e1e-bc75-40152ff79fff"/>
<objectids-entry key="Default zone¤Sockshop_Buyer¤Sockshop_Buyer" objectid="113" type="ACTION" value="898d6c8c-ba73-4953-a676-638d7046d428"/>
<objectids-entry key="Default zone¤Sockshop_Buyer¤Sockshop_Buyer" objectid="114" type="BASIC_LOGICAL_CONTAINER" value="b6646602-4265-4c63-b5f2-be2ae1f7ecd9"/>
<objectids-entry key="Default zone¤Sockshop_Buyer¤Sockshop_Buyer" objectid="115" type="HTTP_PAGE" value="eaa6d509-380b-44e6-a75c-438e49b473ed"/>
<objectids-entry key="Default zone¤Sockshop_Buyer¤Sockshop_Buyer" objectid="116" type="ACTION" value="7452871d-fd9e-48be-bdae-2f509837636a"/>
<objectids-entry key="Default zone¤Sockshop_Buyer¤Sockshop_Buyer" objectid="117" type="ACTION" value="3b301113-34cb-4f68-a16f-070321b162b5"/>
<objectids-entry key="Default zone¤Sockshop_Buyer¤Sockshop_Buyer" objectid="118" type="ACTION" value="c39490c6-7546-4d6b-a9ce-f1e6d02804f7"/>
<objectids-entry key="Default zone¤Sockshop_Buyer¤Sockshop_Buyer" objectid="119" type="ACTION" value="50de867d-084e-4d0c-a7e6-c0d1fc5e3d05"/>
<objectids-entry key="Default zone¤Sockshop_Buyer¤Sockshop_Buyer" objectid="120" type="ACTION" value="e33bb38e-a93e-4768-9869-8b05720c7f00"/>
<objectids-entry key="Default zone¤Sockshop_Buyer¤Sockshop_Buyer" objectid="121" type="ACTION" value="b216fa41-0e09-4b85-9346-0027fa5f84ac"/>
<objectids-entry key="Default zone¤Sockshop_Buyer¤Sockshop_Buyer" objectid="122" type="ACTION" value="debe3def-4ed8-498b-8b87-e7c5e870d140"/>
<objectids-entry key="Default zone¤Sockshop_Buyer¤Sockshop_Buyer" objectid="123" type="ACTION" value="026f6dbf-a4c6-4b7d-9ec2-190dc317a114"/>
<objectids-entry key="Default zone¤Sockshop_Buyer¤Sockshop_Buyer" objectid="124" type="ACTION" value="98a3ef3d-dad9-4b10-8257-62c4b857389c"/>
<objectids-entry key="Default zone¤Sockshop_Buyer¤Sockshop_Buyer" objectid="125" type="ACTION" value="6fd4d7f7-4b42-410f-94f4-9d9bba3da419"/>
<objectids-entry key="Default zone¤Sockshop_Buyer¤Sockshop_Buyer" objectid="126" type="ACTION" value="7ed3318b-4f1e-45e4-8697-1127ce7975c8"/>
<objectids-entry key="Default zone¤Sockshop_Buyer¤Sockshop_Buyer" objectid="127" type="ACTION" value="b9a4a623-12ef-46f7-890d-0febe01ae8fb"/>
<objectids-entry key="Default zone¤Sockshop_Buyer¤Sockshop_Buyer" objectid="128" type="ACTION" value="5694cbe4-0392-4414-aa19-bc0d655546fc"/>
<objectids-entry key="Default zone¤Sockshop_Buyer¤Sockshop_Buyer" objectid="129" type="ACTION" value="3fe6918a-726d-44eb-9a19-bb34aae4774d"/>
<objectids-entry key="Default zone¤Sockshop_Buyer¤Sockshop_Buyer" objectid="130" type="ACTION" value="9a028386-886d-4a9f-b58a-c33dcbcd70a1"/>
<objectids-entry key="Default zone¤Sockshop_Buyer¤Sockshop_Buyer" objectid="131" type="ACTION" value="c4fcb088-6c3a-410e-b4a2-b3dcc6b21c48"/>
<objectids-entry key="Default zone¤Sockshop_Buyer¤Sockshop_Buyer" objectid="132" type="ACTION" value="a4787e8b-5a87-402d-a500-73a3e2796e3e"/>
<objectids-entry key="Default zone¤Sockshop_Buyer¤Sockshop_Buyer" objectid="133" type="ACTION" value="9963dce8-e88f-4646-9750-3e53a8207fd1"/>
<objectids-entry key="Default zone¤Sockshop_Buyer¤Sockshop_Buyer" objectid="134" type="ACTION" value="b79537e3-1829-4388-899c-bbd7e888043a"/>
<objectids-entry key="Default zone¤Sockshop_Buyer¤Sockshop_Buyer" objectid="135" type="ACTION" value="57de2229-6e12-4c5a-abb0-0f256dd4337e"/>
<objectids-entry key="Default zone¤Sockshop_Buyer¤Sockshop_Buyer" objectid="136" type="ACTION" value="7d5ab8e4-ebe3-423f-9915-78367d568af5"/>
<objectids-entry key="Default zone¤Sockshop_Buyer¤Sockshop_Buyer" objectid="137" type="ACTION" value="4cd20a4f-cee8-4140-a6c4-981a7fc26f1e"/>
<objectids-entry key="Default zone¤Sockshop_Buyer¤Sockshop_Buyer" objectid="138" type="ACTION" value="fc630b9e-bbf1-4615-99b7-c19b5d39b960"/>
<objectids-entry key="Default zone¤Sockshop_Buyer¤Sockshop_Buyer" objectid="139" type="ACTION" value="10590bcb-42df-4909-b543-345362fcce7f"/>
<objectids-entry key="Default zone¤Sockshop_Buyer¤Sockshop_Buyer" objectid="140" type="HTTP_PAGE" value="629c0ead-02de-47c8-a218-6fd64e39fb50"/>
<objectids-entry key="Default zone¤Sockshop_Buyer¤Sockshop_Buyer" objectid="141" type="ACTION" value="5aee4f28-e2a9-4b1c-8204-2935f96796d6"/>
<objectids-entry key="Default zone¤Sockshop_Buyer¤Sockshop_Buyer" objectid="142" type="HTTP_PAGE" value="3b08a765-c6f3-4dd1-9b84-a3850498e30f"/>
<objectids-entry key="Default zone¤Sockshop_Buyer¤Sockshop_Buyer" objectid="143" type="ACTION" value="f0e1ebc8-c4d1-46fd-86fa-08a75f2f197a"/>
<objectids-entry key="Default zone¤Sockshop_Buyer¤Sockshop_Buyer" objectid="144" type="ACTION" value="d375218d-46fa-4796-ae74-93749c430dba"/>
<objectids-entry key="Default zone¤Sockshop_Buyer¤Sockshop_Buyer" objectid="145" type="ACTION" value="efcbc373-f00e-4e31-a72b-148e5f5c7e4e"/>
<objectids-entry key="Default zone¤Sockshop_Buyer¤Sockshop_Buyer" objectid="146" type="ACTION" value="edb55466-7487-443a-9717-8787d3caf1c1"/>
<objectids-entry key="Default zone¤Sockshop_Buyer¤Sockshop_Buyer" objectid="147" type="HTTP_PAGE" value="ed297e2d-e78f-449c-ae4d-d8dceb821bce"/>
<objectids-entry key="Default zone¤Sockshop_Buyer¤Sockshop_Buyer" objectid="148" type="ACTION" value="004d664f-d27e-4128-b0c6-1ce5e0754bf6"/>
<objectids-entry key="Default zone¤Sockshop_Buyer¤Sockshop_Buyer" objectid="149" type="ACTION" value="af5fa525-a843-4bb7-9809-cfed8901346b"/>
<objectids-entry key="Default zone¤Sockshop_Buyer¤Sockshop_Buyer" objectid="150" type="ACTION" value="397a3a96-4051-4bf5-b334-a619a60ab9cd"/>
<objectids-entry key="Default zone¤Sockshop_Buyer¤Sockshop_Buyer" objectid="151" type="ACTION" value="6646a184-750d-4e7b-b593-36db7d51230a"/>
<objectids-entry key="Default zone¤Sockshop_Buyer¤Sockshop_Buyer" objectid="152" type="IF" value="29657381-fedd-4ae4-9e2e-4cc4ac8b8dfd"/>
<objectids-entry key="Default zone¤Sockshop_Buyer¤Sockshop_Buyer" objectid="153" type="BASIC_LOGICAL_CONTAINER" value="$parent=29657381-fedd-4ae4-9e2e-4cc4ac8b8dfd;$index=0"/>
<objectids-entry key="Default zone¤Sockshop_Buyer¤Sockshop_Buyer" objectid="154" type="BASIC_LOGICAL_CONTAINER" value="69b63d8e-1771-49c3-ae4d-ef26bdc62695"/>
<objectids-entry key="Default zone¤Sockshop_Buyer¤Sockshop_Buyer" objectid="155" type="HTTP_PAGE" value="5955cd49-fb83-4c50-9232-72d768bed887"/>
<objectids-entry key="Default zone¤Sockshop_Buyer¤Sockshop_Buyer" objectid="156" type="ACTION" value="382dbcba-d880-4ee1-902b-2b18d44b6b83"/>
<objectids-entry key="Default zone¤Sockshop_Buyer¤Sockshop_Buyer" objectid="157" type="ACTION" value="45831a81-72e8-490e-b97b-a2580023d1ba"/>
<objectids-entry key="Default zone¤Sockshop_Buyer¤Sockshop_Buyer" objectid="158" type="ACTION" value="fb6886d1-a6a9-46c3-b4ed-1466ccc3d6a5"/>
<objectids-entry key="Default zone¤Sockshop_Buyer¤Sockshop_Buyer" objectid="159" type="ACTION" value="732b8555-d821-46eb-9839-2036c076fe9d"/>
<objectids-entry key="Default zone¤Sockshop_Buyer¤Sockshop_Buyer" objectid="160" type="ACTION" value="8cc92a67-98be-42fe-9235-797e71c1e168"/>
<objectids-entry key="Default zone¤Sockshop_Buyer¤Sockshop_Buyer" objectid="161" type="ACTION" value="144e22fc-4038-49c7-9287-b856eb52d918"/>
<objectids-entry key="Default zone¤Sockshop_Buyer¤Sockshop_Buyer" objectid="162" type="ACTION" value="4cd4d057-5804-4e0e-ab9e-6e5f66b57353"/>
<objectids-entry key="Default zone¤Sockshop_Buyer¤Sockshop_Buyer" objectid="163" type="ACTION" value="7a5fffa0-464f-43bb-bd04-c487fbfcfc33"/>
<objectids-entry key="Default zone¤Sockshop_Buyer¤Sockshop_Buyer" objectid="164" type="ACTION" value="bf82a66e-2548-4214-823c-9b49a29ce559"/>
<objectids-entry key="Default zone¤Sockshop_Buyer¤Sockshop_Buyer" objectid="165" type="ACTION" value="0673a1b1-52c3-4d4d-959f-edec42b38f79"/>
<objectids-entry key="Default zone¤Sockshop_Buyer¤Sockshop_Buyer" objectid="166" type="ACTION" value="8eae1ebb-9ede-4f02-8dce-158f72829439"/>
<objectids-entry key="Default zone¤Sockshop_Buyer¤Sockshop_Buyer" objectid="167" type="ACTION" value="ce056982-e8e8-4462-8b76-9c36687c86a9"/>
<objectids-entry key="Default zone¤Sockshop_Buyer¤Sockshop_Buyer" objectid="168" type="ACTION" value="3efb20c9-f834-43f0-9e32-16f3206184a1"/>
<objectids-entry key="Default zone¤Sockshop_Buyer¤Sockshop_Buyer" objectid="169" type="ACTION" value="3f3c1978-2b5c-4e81-9af2-17b7becf5111"/>
<objectids-entry key="Default zone¤Sockshop_Buyer¤Sockshop_Buyer" objectid="170" type="ACTION" value="faf4a344-b3c4-47e9-8567-95cc04073ef3"/>
<objectids-entry key="Default zone¤Sockshop_Buyer¤Sockshop_Buyer" objectid="171" type="ACTION" value="cdda4a9e-63cc-4662-9398-538884f00886"/>
<objectids-entry key="Default zone¤Sockshop_Buyer¤Sockshop_Buyer" objectid="172" type="ACTION" value="1575552b-0dd5-49c9-b213-a3640c06973a"/>
<objectids-entry key="Default zone¤Sockshop_Buyer¤Sockshop_Buyer" objectid="173" type="ACTION" value="ee67d160-6b00-42c8-8872-531e8cc8259b"/>
<objectids-entry key="Default zone¤Sockshop_Buyer¤Sockshop_Buyer" objectid="174" type="ACTION" value="8307957c-a0a3-4878-9396-deac992248a8"/>
<objectids-entry key="Default zone¤Sockshop_Buyer¤Sockshop_Buyer" objectid="175" type="ACTION" value="70e641db-4687-49d9-977f-700038c5832d"/>
<objectids-entry key="Default zone¤Sockshop_Buyer¤Sockshop_Buyer" objectid="176" type="HTTP_PAGE" value="54898b29-0199-494f-8ca1-e6547b19bf3c"/>
<objectids-entry key="Default zone¤Sockshop_Buyer¤Sockshop_Buyer" objectid="177" type="ACTION" value="2b90cbde-0b10-4333-94ab-5d6744b27a34"/>
<objectids-entry key="Default zone¤Sockshop_Buyer¤Sockshop_Buyer" objectid="178" type="HTTP_PAGE" value="66e20b69-431e-4f48-bc9c-51b5cdf1cbde"/>
<objectids-entry key="Default zone¤Sockshop_Buyer¤Sockshop_Buyer" objectid="179" type="ACTION" value="520029e9-41ec-4657-bab1-bfea2674259a"/>
<objectids-entry key="Default zone¤Sockshop_Buyer¤Sockshop_Buyer" objectid="180" type="ACTION" value="9575e780-7562-4e92-ac1a-2d099066e550"/>
<objectids-entry key="Default zone¤Sockshop_Buyer¤Sockshop_Buyer" objectid="181" type="ACTION" value="ba0ea534-0750-41c1-bf02-850f415c9d83"/>
<objectids-entry key="Default zone¤Sockshop_Buyer¤Sockshop_Buyer" objectid="182" type="ACTION" value="3f6c1a95-cfa1-41ee-a427-0304d0ae6344"/>
<objectids-entry key="Default zone¤Sockshop_Buyer¤Sockshop_Buyer" objectid="183" type="ACTION" value="3e526cb7-8d8c-46ea-a905-dd7f85a5c1ac"/>
<objectids-entry key="Default zone¤Sockshop_Buyer¤Sockshop_Buyer" objectid="184" type="HTTP_PAGE" value="d7d3e045-c2ff-4734-b684-e2314301bb09"/>
<objectids-entry key="Default zone¤Sockshop_Buyer¤Sockshop_Buyer" objectid="185" type="ACTION" value="b9f1742f-b03d-4851-8e1d-98bba9bd5da1"/>
<objectids-entry key="Default zone¤Sockshop_Buyer¤Sockshop_Buyer" objectid="186" type="ACTION" value="81d117b7-5a67-4533-9504-a89d97f9d84e"/>
<objectids-entry key="Default zone¤Sockshop_Buyer¤Sockshop_Buyer" objectid="187" type="BASIC_LOGICAL_CONTAINER" value="fadccc22-e76e-43c8-a1e5-a09b450d0363"/>
<objectids-entry key="Default zone¤Sockshop_Buyer¤Sockshop_Buyer" objectid="188" type="HTTP_PAGE" value="aaefbf14-2355-4397-9f51-414b6dac29ab"/>
<objectids-entry key="Default zone¤Sockshop_Buyer¤Sockshop_Buyer" objectid="189" type="ACTION" value="547d8fcd-8622-4e1a-a02d-01f0060ae7a2"/>
<objectids-entry key="Default zone¤Sockshop_Buyer¤Sockshop_Buyer" objectid="190" type="HTTP_PAGE" value="33fec34f-ee51-4dee-b074-742f06c885a5"/>
<objectids-entry key="Default zone¤Sockshop_Buyer¤Sockshop_Buyer" objectid="191" type="ACTION" value="b4479208-5cef-45e8-8518-90caba92b4d8"/>
<objectids-entry key="Default zone¤Sockshop_Buyer¤Sockshop_Buyer" objectid="192" type="ACTION" value="cd9cbcc2-3a34-4f51-a0e0-34fec027ccc9"/>
<objectids-entry key="Default zone¤Sockshop_Buyer¤Sockshop_Buyer" objectid="193" type="ACTION" value="b8c4f90f-aa89-40a4-9296-ba765ec23ea3"/>
<objectids-entry key="Default zone¤Sockshop_Buyer¤Sockshop_Buyer" objectid="194" type="ACTION" value="3f6a42cf-9b37-44db-989a-58d2a19a4215"/>
<objectids-entry key="Default zone¤Sockshop_Buyer¤Sockshop_Buyer" objectid="195" type="ACTION" value="0a3922c2-22d9-455f-a594-d92cbd7310c6"/>
<objectids-entry key="Default zone¤Sockshop_Buyer¤Sockshop_Buyer" objectid="196" type="ACTION" value="595462f9-9c92-4982-b3b9-33dc39be9de3"/>
<objectids-entry key="Default zone¤Sockshop_Buyer¤Sockshop_Buyer" objectid="197" type="ACTION" value="0b85b798-cb12-4590-b8d2-2ccac9c0d201"/>
<objectids-entry key="Default zone¤Sockshop_Buyer¤Sockshop_Buyer" objectid="198" type="ACTION" value="f9e47957-5b8c-45f4-a552-eb1de39979b3"/>
<objectids-entry key="Default zone¤Sockshop_Buyer¤Sockshop_Buyer" objectid="199" type="ACTION" value="9e297ce1-d536-419e-b95b-758184def492"/>
<objectids-entry key="Default zone¤Sockshop_Buyer¤Sockshop_Buyer" objectid="200" type="ACTION" value="7c113978-1003-4e5a-bc65-59f9e94e2c2f"/>
<objectids-entry key="Default zone¤Sockshop_Buyer¤Sockshop_Buyer" objectid="201" type="ACTION" value="421bcfbb-8b63-438b-9095-f1466e9fc02a"/>
<objectids-entry key="Default zone¤Sockshop_Buyer¤Sockshop_Buyer" objectid="202" type="ACTION" value="e431c6f4-2182-4f3f-bee6-19ebfd7d9c80"/>
<objectids-entry key="Default zone¤Sockshop_Buyer¤Sockshop_Buyer" objectid="203" type="ACTION" value="f8ac2dc3-25be-40b5-8f4f-8372c306755d"/>
<objectids-entry key="Default zone¤Sockshop_Buyer¤Sockshop_Buyer" objectid="204" type="ACTION" value="eb0db361-bb10-4b15-9bc8-7332d45900c2"/>
<objectids-entry key="Default zone¤Sockshop_Buyer¤Sockshop_Buyer" objectid="205" type="ACTION" value="37d506fe-f921-4ee3-95bd-cf9503090364"/>
<objectids-entry key="Default zone¤Sockshop_Buyer¤Sockshop_Buyer" objectid="206" type="ACTION" value="7c05af83-05c9-468d-8e12-30f1cdb18b05"/>
<objectids-entry key="Default zone¤Sockshop_Buyer¤Sockshop_Buyer" objectid="207" type="ACTION" value="766c0bcd-75bc-470f-ac9f-50050d8ab553"/>
<objectids-entry key="Default zone¤Sockshop_Buyer¤Sockshop_Buyer" objectid="208" type="ACTION" value="477cccb8-b5d2-4294-9ffb-870c30c41b29"/>
<objectids-entry key="Default zone¤Sockshop_Buyer¤Sockshop_Buyer" objectid="209" type="ACTION" value="9bc2d125-8884-4b18-82ff-8d83334ca17b"/>
<objectids-entry key="Default zone¤Sockshop_Buyer¤Sockshop_Buyer" objectid="210" type="ACTION" value="bde34874-03dc-4b35-981f-483400222678"/>
<objectids-entry key="Default zone¤Sockshop_Buyer¤Sockshop_Buyer" objectid="211" type="ACTION" value="3bdf1e3c-19b8-4e9f-84a7-ddde451c011f"/>
<objectids-entry key="Default zone¤Sockshop_Buyer¤Sockshop_Buyer" objectid="212" type="ACTION" value="1faaadaa-6701-4d23-bcf2-b12d7ab83cb5"/>
<objectids-entry key="Default zone¤Sockshop_Buyer¤Sockshop_Buyer" objectid="213" type="ACTION" value="7b9245f3-9907-40fc-9551-abb84f08f5be"/>
<objectids-entry key="Default zone¤Sockshop_Buyer¤Sockshop_Buyer" objectid="214" type="HTTP_PAGE" value="4b6e45f1-2f16-42c8-8d6a-5d824f03f870"/>
<objectids-entry key="Default zone¤Sockshop_Buyer¤Sockshop_Buyer" objectid="215" type="ACTION" value="4ded92b1-e119-4063-85de-6a51a5d24c4f"/>
<objectids-entry key="Default zone¤Sockshop_Buyer¤Sockshop_Buyer" objectid="216" type="HTTP_PAGE" value="91c0bbfb-0649-47db-a4ed-fe411b158a96"/>
<objectids-entry key="Default zone¤Sockshop_Buyer¤Sockshop_Buyer" objectid="217" type="ACTION" value="62342e11-5de2-4946-a748-e90ac308d731"/>
<objectids-entry key="Default zone¤Sockshop_Buyer¤Sockshop_Buyer" objectid="218" type="ACTION" value="24eb10fd-5895-4697-97b5-bd9f1530107c"/>
<objectids-entry key="Default zone¤Sockshop_Buyer¤Sockshop_Buyer" objectid="219" type="ACTION" value="71fda12c-87c3-4753-901e-c82f7f737574"/>
<objectids-entry key="Default zone¤Sockshop_Buyer¤Sockshop_Buyer" objectid="220" type="ACTION" value="e79111e9-07be-4d64-8075-826957b0acc8"/>
<objectids-entry key="Default zone¤Sockshop_Buyer¤Sockshop_Buyer" objectid="221" type="ACTION" value="cf1b9b06-b39d-44ea-a698-623b99472c69"/>
<objectids-entry key="Default zone¤Sockshop_Buyer¤Sockshop_Buyer" objectid="222" type="ACTION" value="19bf2fc2-0431-4f34-b49e-5ab719aade8d"/>
<objectids-entry key="Default zone¤Sockshop_Buyer¤Sockshop_Buyer" objectid="223" type="ACTION" value="765c2203-9420-4d0e-93e2-3f11183c381b"/>
<objectids-entry key="Default zone¤Sockshop_Buyer¤Sockshop_Buyer" objectid="224" type="ACTION" value="8819a93f-c59e-4dc2-a6fd-0ca10b4533ee"/>
<objectids-entry key="Default zone¤Sockshop_Buyer¤Sockshop_Buyer" objectid="225" type="HTTP_PAGE" value="2d9b4d00-2c56-466c-83f6-aa292ef9890a"/>
<objectids-entry key="Default zone¤Sockshop_Buyer¤Sockshop_Buyer" objectid="226" type="ACTION" value="4d3d8980-883c-40fb-ba46-5a94f26fded6"/>
<objectids-entry key="Default zone¤Sockshop_Buyer¤Sockshop_Buyer" objectid="227" type="ACTION" value="986ab6c0-50e5-4092-8cf1-fcd8d521f6b9"/>
<objectids-entry key="Default zone¤Sockshop_Buyer¤Sockshop_Buyer" objectid="228" type="BASIC_LOGICAL_CONTAINER" value="$parent=29657381-fedd-4ae4-9e2e-4cc4ac8b8dfd;$index=1"/>
<objectids-entry key="Default zone¤Sockshop_Buyer¤Sockshop_Buyer" objectid="229" type="BASIC_LOGICAL_CONTAINER" value="f33bf261-2b0e-4895-87c0-5775d4fc484c"/>
<objectids-entry key="Default zone¤Sockshop_Buyer¤Sockshop_Buyer" objectid="230" type="HTTP_PAGE" value="831f5056-2ada-49be-8a2b-72a347857a2c"/>
<objectids-entry key="Default zone¤Sockshop_Buyer¤Sockshop_Buyer" objectid="231" type="ACTION" value="6843016b-53b3-43e1-ae2b-7b4ff4773452"/>
<objectids-entry key="Default zone¤Sockshop_Buyer¤Sockshop_Buyer" objectid="232" type="ACTION" value="a23080c2-3fef-4456-97b3-733eb6d382f8"/>
<objectids-entry key="Default zone¤Sockshop_Buyer¤Sockshop_Buyer" objectid="233" type="ACTION" value="d5304b31-9aa1-4c8c-800d-2506be706403"/>
<objectids-entry key="Default zone¤Sockshop_Buyer¤Sockshop_Buyer" objectid="234" type="ACTION" value="7f041493-8cac-4f2f-86f4-6b82d449bad9"/>
<objectids-entry key="Default zone¤Sockshop_Buyer¤Sockshop_Buyer" objectid="235" type="ACTION" value="4c01ec61-735d-4076-a8f1-e8e49125b7b4"/>
<objectids-entry key="Default zone¤Sockshop_Buyer¤Sockshop_Buyer" objectid="236" type="ACTION" value="2b9bba66-0c5a-4ea8-b3b9-c90c09eff9bb"/>
<objectids-entry key="Default zone¤Sockshop_Buyer¤Sockshop_Buyer" objectid="237" type="ACTION" value="dc3dfc41-7040-46d5-887c-065cbbdcd2a7"/>
<objectids-entry key="Default zone¤Sockshop_Buyer¤Sockshop_Buyer" objectid="238" type="ACTION" value="2415378f-26e9-4e59-ad40-15cc996ed69b"/>
<objectids-entry key="Default zone¤Sockshop_Buyer¤Sockshop_Buyer" objectid="239" type="ACTION" value="3c7d7c9a-a7c5-4fa7-99e6-952463cd4570"/>
<objectids-entry key="Default zone¤Sockshop_Buyer¤Sockshop_Buyer" objectid="240" type="ACTION" value="f2b5be2f-c4b0-4e58-bea8-052caadc7bfa"/>
<objectids-entry key="Default zone¤Sockshop_Buyer¤Sockshop_Buyer" objectid="241" type="ACTION" value="5a2cef5f-7972-4f33-aa79-f8816f6d61cb"/>
<objectids-entry key="Default zone¤Sockshop_Buyer¤Sockshop_Buyer" objectid="242" type="ACTION" value="ef75795d-19f6-4754-93e9-614c83c644b1"/>
<objectids-entry key="Default zone¤Sockshop_Buyer¤Sockshop_Buyer" objectid="243" type="ACTION" value="aeafc2d7-14cd-466d-b542-1a5c56e4d644"/>
<objectids-entry key="Default zone¤Sockshop_Buyer¤Sockshop_Buyer" objectid="244" type="ACTION" value="85554bf2-93f2-4e7c-a874-2e42d800af2e"/>
<objectids-entry key="Default zone¤Sockshop_Buyer¤Sockshop_Buyer" objectid="245" type="ACTION" value="16528615-2ab6-48e9-9fd6-42cb8d0a3716"/>
<objectids-entry key="Default zone¤Sockshop_Buyer¤Sockshop_Buyer" objectid="246" type="ACTION" value="01910435-507d-4327-a6a0-96cdebc7bce1"/>
<objectids-entry key="Default zone¤Sockshop_Buyer¤Sockshop_Buyer" objectid="247" type="ACTION" value="9ec14f16-2faf-4ff7-bd39-d2a96dbead49"/>
<objectids-entry key="Default zone¤Sockshop_Buyer¤Sockshop_Buyer" objectid="248" type="ACTION" value="8b36ddaa-a6fc-409e-b694-610a62953afe"/>
<objectids-entry key="Default zone¤Sockshop_Buyer¤Sockshop_Buyer" objectid="249" type="ACTION" value="bfc00a2c-8304-403a-bf3b-5be2aeb75e83"/>
<objectids-entry key="Default zone¤Sockshop_Buyer¤Sockshop_Buyer" objectid="250" type="ACTION" value="07153cb5-d3f0-4b59-9825-a7e75bd5bebe"/>
<objectids-entry key="Default zone¤Sockshop_Buyer¤Sockshop_Buyer" objectid="251" type="ACTION" value="968c0cfc-629b-4457-aac4-e7161838c245"/>
<objectids-entry key="Default zone¤Sockshop_Buyer¤Sockshop_Buyer" objectid="252" type="ACTION" value="5156c357-2909-450a-bd53-2111e32074b1"/>
<objectids-entry key="Default zone¤Sockshop_Buyer¤Sockshop_Buyer" objectid="253" type="ACTION" value="96f84fbf-32c8-423c-a632-6163c44062f7"/>
<objectids-entry key="Default zone¤Sockshop_Buyer¤Sockshop_Buyer" objectid="254" type="ACTION" value="9ab8e9df-f187-42e7-9a63-bb9431d198f8"/>
<objectids-entry key="Default zone¤Sockshop_Buyer¤Sockshop_Buyer" objectid="255" type="HTTP_PAGE" value="964931a5-6713-419e-805c-be767ea2af78"/>
<objectids-entry key="Default zone¤Sockshop_Buyer¤Sockshop_Buyer" objectid="256" type="ACTION" value="25850098-2ed1-43b3-9f91-6a613c7c604f"/>
<objectids-entry key="Default zone¤Sockshop_Buyer¤Sockshop_Buyer" objectid="257" type="HTTP_PAGE" value="9d84141c-7ab2-41ac-b09a-ca2771f3a9ee"/>
<objectids-entry key="Default zone¤Sockshop_Buyer¤Sockshop_Buyer" objectid="258" type="ACTION" value="7b214381-3ecf-4fde-97b3-c4de426e5f0e"/>
<objectids-entry key="Default zone¤Sockshop_Buyer¤Sockshop_Buyer" objectid="259" type="ACTION" value="01692eb6-2946-4aad-bd1f-a235cf73169d"/>
<objectids-entry key="Default zone¤Sockshop_Buyer¤Sockshop_Buyer" objectid="260" type="ACTION" value="33ea427e-cc9c-4f6b-be04-736c890223c7"/>
<objectids-entry key="Default zone¤Sockshop_Buyer¤Sockshop_Buyer" objectid="261" type="ACTION" value="5e440927-2723-4c8b-b0ff-6af4684ed1ee"/>
<objectids-entry key="Default zone¤Sockshop_Buyer¤Sockshop_Buyer" objectid="262" type="ACTION" value="cf4633ea-7fab-4ae2-83ce-83d46015ff0f"/>
<objectids-entry key="Default zone¤Sockshop_Buyer¤Sockshop_Buyer" objectid="263" type="HTTP_PAGE" value="310a9f94-3a42-4118-80e6-9923f7320fb0"/>
<objectids-entry key="Default zone¤Sockshop_Buyer¤Sockshop_Buyer" objectid="264" type="HTTP_PAGE" value="690c011a-7daa-42c8-b1f3-86320bdefb06"/>
<objectids-entry key="Default zone¤Sockshop_Buyer¤Sockshop_Buyer" objectid="265" type="ACTION" value="331894e6-0104-4007-bbaf-088e68a5fe31"/>
<objectids-entry key="Default zone¤Sockshop_Buyer¤Sockshop_Buyer" objectid="266" type="ACTION" value="186ecbda-9a16-4a50-a9cc-582e56531524"/>
<objectids-entry key="Default zone¤Sockshop_Buyer¤Sockshop_Buyer" objectid="267" type="ACTION" value="3510f450-2782-4e8c-a5cb-b2ac52dc8cf2"/>
<objectids-entry key="Default zone¤Sockshop_Buyer¤Sockshop_Buyer" objectid="268" type="ACTION" value="eba1834b-a02b-4c51-982c-ca4a5f6ba5c8"/>
<objectids-entry key="Default zone¤Sockshop_Buyer¤Sockshop_Buyer" objectid="269" type="ACTION" value="b9890ca2-dd06-4d91-8d3f-5e96196ccc80"/>
<objectids-entry key="Default zone¤Sockshop_Buyer¤Sockshop_Buyer" objectid="270" type="ACTION" value="c3703850-a24c-4cf9-b098-640f3d90e48f"/>
<objectids-entry key="Default zone¤Sockshop_Buyer¤Sockshop_Buyer" objectid="271" type="ACTION" value="27dc4f33-14f2-4548-bd06-19e9922fc273"/>
<objectids-entry key="Default zone¤Sockshop_Buyer¤Sockshop_Buyer" objectid="272" type="ACTION" value="3cf315c0-bf46-4958-a110-e6403f367bdf"/>
<objectids-entry key="Default zone¤Sockshop_Buyer¤Sockshop_Buyer" objectid="273" type="ACTION" value="67ebd8af-e81f-4e52-8dd6-cfd23130dc55"/>
<objectids-entry key="Default zone¤Sockshop_Buyer¤Sockshop_Buyer" objectid="274" type="ACTION" value="0ca287ac-beb5-4847-aadc-e39e4f62a68b"/>
<objectids-entry key="Default zone¤Sockshop_Buyer¤Sockshop_Buyer" objectid="275" type="ACTION" value="ff153fc6-8044-4c08-98fd-bcfc642a9030"/>
<objectids-entry key="Default zone¤Sockshop_Buyer¤Sockshop_Buyer" objectid="276" type="ACTION" value="b570eff9-3fdb-432e-abc2-08ccfa7f3737"/>
<objectids-entry key="Default zone¤Sockshop_Buyer¤Sockshop_Buyer" objectid="277" type="ACTION" value="0ebd0038-ec0b-40a5-92d3-b9237f5d7f14"/>
<objectids-entry key="Default zone¤Sockshop_Buyer¤Sockshop_Buyer" objectid="278" type="ACTION" value="c9c7e432-a4cb-432c-9680-11144ea01d0d"/>
<objectids-entry key="Default zone¤Sockshop_Buyer¤Sockshop_Buyer" objectid="279" type="ACTION" value="617dc317-5be4-44a1-823d-d51a2fe8823d"/>
<objectids-entry key="Default zone¤Sockshop_Buyer¤Sockshop_Buyer" objectid="280" type="ACTION" value="87a5cc60-0c4b-45b0-9926-855e1bf4ba00"/>
<objectids-entry key="Default zone¤Sockshop_Buyer¤Sockshop_Buyer" objectid="281" type="ACTION" value="b9b48a59-9d20-42a9-8dde-7cc09a8aa0c2"/>
<objectids-entry key="Default zone¤Sockshop_Buyer¤Sockshop_Buyer" objectid="282" type="ACTION" value="5f0733b8-52c3-4cb4-ba3c-4818535a56c8"/>
<objectids-entry key="Default zone¤Sockshop_Buyer¤Sockshop_Buyer" objectid="283" type="ACTION" value="fa7750af-45ea-4c62-8261-150d994825e8"/>
<objectids-entry key="Default zone¤Sockshop_Buyer¤Sockshop_Buyer" objectid="284" type="ACTION" value="93ab5e92-bd36-4e56-a086-faa6a20b4c46"/>
<objectids-entry key="Default zone¤Sockshop_Buyer¤Sockshop_Buyer" objectid="285" type="HTTP_PAGE" value="f4572417-ca85-42c6-89a2-5c9a706e4d8f"/>
<objectids-entry key="Default zone¤Sockshop_Buyer¤Sockshop_Buyer" objectid="286" type="ACTION" value="d7c2534f-d2b6-4ddf-8b11-6cb8506625ee"/>
<objectids-entry key="Default zone¤Sockshop_Buyer¤Sockshop_Buyer" objectid="287" type="HTTP_PAGE" value="5586ae0f-f379-4892-a6bd-5401f5daa36c"/>
<objectids-entry key="Default zone¤Sockshop_Buyer¤Sockshop_Buyer" objectid="288" type="ACTION" value="803b7d6f-2bee-4ec0-b2ad-61c35c3a5a72"/>
<objectids-entry key="Default zone¤Sockshop_Buyer¤Sockshop_Buyer" objectid="289" type="ACTION" value="34ee38ff-3fc7-407b-8570-fd96bd9f3651"/>
<objectids-entry key="Default zone¤Sockshop_Buyer¤Sockshop_Buyer" objectid="290" type="ACTION" value="62cfcb36-153f-43d1-a30f-459fd8a3036f"/>
<objectids-entry key="Default zone¤Sockshop_Buyer¤Sockshop_Buyer" objectid="291" type="ACTION" value="605e256d-b24d-46a0-8134-4ab17a0f881f"/>
<objectids-entry key="Default zone¤Sockshop_Buyer¤Sockshop_Buyer" objectid="292" type="ACTION" value="64d45204-df5d-4215-a909-7c410172d131"/>
<objectids-entry key="Default zone¤Sockshop_Buyer¤Sockshop_Buyer" objectid="293" type="ACTION" value="e2b85722-ae7e-4a66-adac-b232360127d6"/>
<objectids-entry key="Default zone¤Sockshop_Buyer¤Sockshop_Buyer" objectid="294" type="HTTP_PAGE" value="f6bc348e-7ed3-4596-9670-6d3946ef9c84"/>
<objectids-entry key="Default zone¤Sockshop_Buyer¤Sockshop_Buyer" objectid="295" type="ACTION" value="2ffe2dbb-b683-4b67-8da6-c9538964871d"/>
<objectids-entry key="Default zone¤Sockshop_Buyer¤Sockshop_Buyer" objectid="296" type="IF" value="8092a879-a339-4487-a049-5700e08a26cd"/>
<objectids-entry key="Default zone¤Sockshop_Buyer¤Sockshop_Buyer" objectid="297" type="BASIC_LOGICAL_CONTAINER" value="$parent=8092a879-a339-4487-a049-5700e08a26cd;$index=0"/>
<objectids-entry key="Default zone¤Sockshop_Buyer¤Sockshop_Buyer" objectid="298" type="BASIC_LOGICAL_CONTAINER" value="290baf3d-8528-42e2-a86a-78f6640de06b"/>
<objectids-entry key="Default zone¤Sockshop_Buyer¤Sockshop_Buyer" objectid="299" type="HTTP_PAGE" value="c1cf9a97-676c-4f73-b423-454d8c3e3876"/>
<objectids-entry key="Default zone¤Sockshop_Buyer¤Sockshop_Buyer" objectid="300" type="ACTION" value="70a79cca-7403-4d27-a5a1-6c5e8c92058c"/>
<objectids-entry key="Default zone¤Sockshop_Buyer¤Sockshop_Buyer" objectid="301" type="HTTP_PAGE" value="fbb4c358-be3a-4235-aee9-a52c755fc68c"/>
<objectids-entry key="Default zone¤Sockshop_Buyer¤Sockshop_Buyer" objectid="302" type="ACTION" value="64dccb40-3fc1-4e7d-b854-c78739b0e4e9"/>
<objectids-entry key="Default zone¤Sockshop_Buyer¤Sockshop_Buyer" objectid="303" type="ACTION" value="ee74414a-978e-4eca-90c5-fefc39af817e"/>
<objectids-entry key="Default zone¤Sockshop_Buyer¤Sockshop_Buyer" objectid="304" type="ACTION" value="b5f95c2f-ba7a-4a3f-9e8e-040dec4e5059"/>
<objectids-entry key="Default zone¤Sockshop_Buyer¤Sockshop_Buyer" objectid="305" type="ACTION" value="6639bd48-494f-4124-afc9-b3b19006cce0"/>
<objectids-entry key="Default zone¤Sockshop_Buyer¤Sockshop_Buyer" objectid="306" type="ACTION" value="92a17eff-f6a6-4885-8925-98e8bd4e4e2d"/>
<objectids-entry key="Default zone¤Sockshop_Buyer¤Sockshop_Buyer" objectid="307" type="ACTION" value="8317d3da-3185-4c4e-967b-1396aded6bf5"/>
<objectids-entry key="Default zone¤Sockshop_Buyer¤Sockshop_Buyer" objectid="308" type="ACTION" value="0f1638d4-ed92-4b99-9ede-aeae050e32f1"/>
<objectids-entry key="Default zone¤Sockshop_Buyer¤Sockshop_Buyer" objectid="309" type="ACTION" value="fcdae502-d3fe-4733-81cf-14cdef64cac7"/>
<objectids-entry key="Default zone¤Sockshop_Buyer¤Sockshop_Buyer" objectid="310" type="ACTION" value="b02a9a9d-5c92-49b0-9744-4e21018a03e4"/>
<objectids-entry key="Default zone¤Sockshop_Buyer¤Sockshop_Buyer" objectid="311" type="ACTION" value="35b16867-a07b-4bc6-8d0c-af321b13fd6f"/>
<objectids-entry key="Default zone¤Sockshop_Buyer¤Sockshop_Buyer" objectid="312" type="ACTION" value="e60fb704-12cc-4308-b917-45683b09323e"/>
<objectids-entry key="Default zone¤Sockshop_Buyer¤Sockshop_Buyer" objectid="313" type="ACTION" value="2d243c51-7b5a-49ef-bca2-87cef99d8149"/>
<objectids-entry key="Default zone¤Sockshop_Buyer¤Sockshop_Buyer" objectid="314" type="ACTION" value="05e36ed3-cbf2-451d-9263-d0245c82a721"/>
<objectids-entry key="Default zone¤Sockshop_Buyer¤Sockshop_Buyer" objectid="315" type="ACTION" value="f6bc3213-1328-444b-a815-dc4898a3f211"/>
<objectids-entry key="Default zone¤Sockshop_Buyer¤Sockshop_Buyer" objectid="316" type="ACTION" value="f1f63ad7-cd6e-4cf5-a980-1f75686c8642"/>
<objectids-entry key="Default zone¤Sockshop_Buyer¤Sockshop_Buyer" objectid="317" type="ACTION" value="fe223081-895c-48c7-aaeb-2cd05821111f"/>
<objectids-entry key="Default zone¤Sockshop_Buyer¤Sockshop_Buyer" objectid="318" type="ACTION" value="33fd7327-433a-4399-9159-687fa2a7ac9d"/>
<objectids-entry key="Default zone¤Sockshop_Buyer¤Sockshop_Buyer" objectid="319" type="ACTION" value="fd443e97-b20d-42c0-b673-7b4a4eda4749"/>
<objectids-entry key="Default zone¤Sockshop_Buyer¤Sockshop_Buyer" objectid="320" type="ACTION" value="5a3feba3-4a38-4f37-b7ec-7ab1807db795"/>
<objectids-entry key="Default zone¤Sockshop_Buyer¤Sockshop_Buyer" objectid="321" type="HTTP_PAGE" value="afac504f-3a6b-4d5e-a811-b3952ad8aeb8"/>
<objectids-entry key="Default zone¤Sockshop_Buyer¤Sockshop_Buyer" objectid="322" type="ACTION" value="21333056-e998-476e-96ed-433424b5dd4b"/>
<objectids-entry key="Default zone¤Sockshop_Buyer¤Sockshop_Buyer" objectid="323" type="HTTP_PAGE" value="bb6b3285-2c15-4e57-a17d-5f218f3836aa"/>
<objectids-entry key="Default zone¤Sockshop_Buyer¤Sockshop_Buyer" objectid="324" type="ACTION" value="6bcdc899-e41e-43cb-b911-e9c39ae36218"/>
<objectids-entry key="Default zone¤Sockshop_Buyer¤Sockshop_Buyer" objectid="325" type="ACTION" value="4c49f0b3-6449-46eb-855a-aea31f3f8b6a"/>
<objectids-entry key="Default zone¤Sockshop_Buyer¤Sockshop_Buyer" objectid="326" type="ACTION" value="db3e3cf8-6e89-4acc-b90c-c86657b72c99"/>
<objectids-entry key="Default zone¤Sockshop_Buyer¤Sockshop_Buyer" objectid="327" type="ACTION" value="61f01bf5-6489-4996-b439-9def5dc1bb3d"/>
<objectids-entry key="Default zone¤Sockshop_Buyer¤Sockshop_Buyer" objectid="328" type="ACTION" value="af88120c-c334-4bf0-942d-4c42d5441ad3"/>
<objectids-entry key="Default zone¤Sockshop_Buyer¤Sockshop_Buyer" objectid="329" type="ACTION" value="b2ff5b8b-ae9f-4c17-b6ca-5e137624a60b"/>
<objectids-entry key="Default zone¤Sockshop_Buyer¤Sockshop_Buyer" objectid="330" type="ACTION" value="0f1c56f4-21e6-438b-a426-28f316d15d9d"/>
<objectids-entry key="Default zone¤Sockshop_Buyer¤Sockshop_Buyer" objectid="331" type="LOOP" value="0873ef66-8672-4768-94eb-243937e3ef39"/>
<objectids-entry key="Default zone¤Sockshop_Buyer¤Sockshop_Buyer" objectid="332" type="ACTION" value="4092641c-75fe-49b9-8e79-0f9184230e74"/>
<objectids-entry key="Default zone¤Sockshop_Buyer¤Sockshop_Buyer" objectid="333" type="HTTP_PAGE" value="f6931334-f68c-4cd3-b211-1e6e696fbdbe"/>
<objectids-entry key="Default zone¤Sockshop_Buyer¤Sockshop_Buyer" objectid="334" type="ACTION" value="44dc4f0b-9c3e-4a62-9ab2-f5d6ffb2215c"/>
<objectids-entry key="Default zone¤Sockshop_Buyer¤Sockshop_Buyer" objectid="335" type="BASIC_LOGICAL_CONTAINER" value="$parent=8092a879-a339-4487-a049-5700e08a26cd;$index=1"/>
<objectids-entry key="Default zone¤Sockshop_Buyer¤Sockshop_Buyer" objectid="336" type="BASIC_LOGICAL_CONTAINER" value="5372de98-7c96-42b4-aeb6-1766c4102666"/>
<objectids-entry key="Default zone¤Sockshop_Buyer¤Sockshop_Buyer" objectid="337" type="HTTP_PAGE" value="67971917-a924-4cca-9df8-b693e904f0f0"/>
<objectids-entry key="Default zone¤Sockshop_Buyer¤Sockshop_Buyer" objectid="338" type="ACTION" value="d1357371-b067-4b9b-bd42-d6f33ea534bb"/>
<objectids-entry key="Default zone¤Sockshop_Buyer¤Sockshop_Buyer" objectid="339" type="ACTION" value="1635975f-9a1b-44f1-b114-1478f74c93e6"/>
<objectids-entry key="Default zone¤Sockshop_Buyer¤Sockshop_Buyer" objectid="340" type="ACTION" value="d36d0535-2869-4374-9235-660e8fde45d3"/>
<objectids-entry key="Default zone¤Sockshop_Buyer¤Sockshop_Buyer" objectid="341" type="ACTION" value="0e30e710-b6d7-436f-8983-8d810e5a5da3"/>
<objectids-entry key="Default zone¤Sockshop_Buyer¤Sockshop_Buyer" objectid="342" type="ACTION" value="6f0720ef-cf32-4ecb-91f2-c5e49c5173a4"/>
<objectids-entry key="Default zone¤Sockshop_Buyer¤Sockshop_Buyer" objectid="343" type="ACTION" value="bbd914d7-649f-4a03-a7a3-b25fd1485a82"/>
<objectids-entry key="Default zone¤Sockshop_Buyer¤Sockshop_Buyer" objectid="344" type="ACTION" value="c2de3c0e-3d19-4b11-bba7-2d71c1dda1e5"/>
<objectids-entry key="Default zone¤Sockshop_Buyer¤Sockshop_Buyer" objectid="345" type="ACTION" value="e870c213-808a-47a6-8479-cbc410bc2e41"/>
<objectids-entry key="Default zone¤Sockshop_Buyer¤Sockshop_Buyer" objectid="346" type="ACTION" value="0fdc3b48-c5bc-47fa-a5a2-d131dd0f66af"/>
<objectids-entry key="Default zone¤Sockshop_Buyer¤Sockshop_Buyer" objectid="347" type="ACTION" value="fcebc1fb-b8cc-473d-990b-d5044a0d0a13"/>
<objectids-entry key="Default zone¤Sockshop_Buyer¤Sockshop_Buyer" objectid="348" type="ACTION" value="727d8acd-ecf1-40a1-8f4d-7d68ec420d03"/>
<objectids-entry key="Default zone¤Sockshop_Buyer¤Sockshop_Buyer" objectid="349" type="ACTION" value="770d3ceb-2226-49a9-ae2d-b4bc5777636f"/>
<objectids-entry key="Default zone¤Sockshop_Buyer¤Sockshop_Buyer" objectid="350" type="ACTION" value="dc104414-329f-4747-9754-3c714eef5c0a"/>
<objectids-entry key="Default zone¤Sockshop_Buyer¤Sockshop_Buyer" objectid="351" type="ACTION" value="ad81d952-4dbb-4659-b99c-246fe05329f8"/>
<objectids-entry key="Default zone¤Sockshop_Buyer¤Sockshop_Buyer" objectid="352" type="ACTION" value="cc448890-729b-4bcf-bf3c-cedac00c0d7f"/>
<objectids-entry key="Default zone¤Sockshop_Buyer¤Sockshop_Buyer" objectid="353" type="ACTION" value="fb206955-4527-4fca-8060-c6fefb5953ff"/>
<objectids-entry key="Default zone¤Sockshop_Buyer¤Sockshop_Buyer" objectid="354" type="ACTION" value="07b2a62e-657b-442d-adda-b90e0d7c2bd2"/>
<objectids-entry key="Default zone¤Sockshop_Buyer¤Sockshop_Buyer" objectid="355" type="ACTION" value="fdb39cc9-d76d-4543-91b9-4bb83a828860"/>
<objectids-entry key="Default zone¤Sockshop_Buyer¤Sockshop_Buyer" objectid="356" type="ACTION" value="912b6b4e-9e5a-4394-ac60-deb63ff674d5"/>
<objectids-entry key="Default zone¤Sockshop_Buyer¤Sockshop_Buyer" objectid="357" type="HTTP_PAGE" value="318188d3-325e-4504-b7a3-d9a18da395bc"/>
<objectids-entry key="Default zone¤Sockshop_Buyer¤Sockshop_Buyer" objectid="358" type="ACTION" value="504d9668-0878-4a16-9c06-2e93799fc8b8"/>
<objectids-entry key="Default zone¤Sockshop_Buyer¤Sockshop_Buyer" objectid="359" type="HTTP_PAGE" value="71025734-0033-4485-919e-e839a1dcc3ef"/>
<objectids-entry key="Default zone¤Sockshop_Buyer¤Sockshop_Buyer" objectid="360" type="ACTION" value="6b733821-e40e-43eb-997b-34c1d9668cc6"/>
<objectids-entry key="Default zone¤Sockshop_Buyer¤Sockshop_Buyer" objectid="361" type="ACTION" value="9290c53d-5c99-44ac-9011-137fc9cb4541"/>
<objectids-entry key="Default zone¤Sockshop_Buyer¤Sockshop_Buyer" objectid="362" type="ACTION" value="8f2388e3-10bb-4b46-8d10-7c5e86519810"/>
<objectids-entry key="Default zone¤Sockshop_Buyer¤Sockshop_Buyer" objectid="363" type="ACTION" value="b2c78ae4-58a5-4728-9088-88d2d3145961"/>
<objectids-entry key="Default zone¤Sockshop_Buyer¤Sockshop_Buyer" objectid="364" type="LOOP" value="a39c7bd6-7b86-4544-a516-a13f44785c56"/>
<objectids-entry key="Default zone¤Sockshop_Buyer¤Sockshop_Buyer" objectid="365" type="ACTION" value="35aaf478-ae14-4050-b9f6-b976d8017fe1"/>
<objectids-entry key="Default zone¤Sockshop_Buyer¤Sockshop_Buyer" objectid="366" type="HTTP_PAGE" value="261ebdbb-b32c-451f-81e7-ccd7a819f874"/>
<objectids-entry key="Default zone¤Sockshop_Buyer¤Sockshop_Buyer" objectid="367" type="ACTION" value="c190f2e2-384c-482b-9440-029be00466f4"/>
<objectids-entry key="Default zone¤Sockshop_Buyer¤Sockshop_Buyer" objectid="368" type="ACTION" value="22d8473c-d28f-4494-b55b-a53a55cd0db9"/>
<objectids-entry key="Default zone¤Sockshop_Buyer¤Sockshop_Buyer" objectid="369" type="ACTION" value="57d2f82f-5eff-4c4e-b521-80b748be21ae"/>
<objectids-entry key="Default zone¤Sockshop_Buyer¤Sockshop_Buyer" objectid="370" type="ACTION" value="19db3453-4c3f-49cb-a62e-4ab33cfb4dd1"/>
<objectids-entry key="Default zone¤Sockshop_Buyer¤Sockshop_Buyer" objectid="371" type="ACTION" value="33a3d8d8-fbbc-479a-aa5f-fee922d79585"/>
<objectids-entry key="Default zone¤Sockshop_Buyer¤Sockshop_Buyer" objectid="372" type="BASIC_LOGICAL_CONTAINER" value="$parent=Sockshop_Buyer;$index=2"/>
<objectids-entry key="¤¤" objectid="373" type="MONITORED_HOST" value="Controller-Host"/>
<objectids-entry key="¤¤" objectid="374" type="MONITORCONNECTION" value="Controller-Host$Dynatrace"/>
<objectids-entry key="¤¤" objectid="375" type="MONITOR" value="Controller-Host$Dynatrace$builtin:host.cpu.msu.avg"/>
<objectids-entry key="¤¤" objectid="376" type="MONITOR" value="Controller-Host$Dynatrace$builtin:host.cpu.msu.capacity"/>
<objectids-entry key="¤¤" objectid="377" type="MONITOR" value="Controller-Host$Dynatrace$builtin:host.cpu.ziip.usage"/>
<objectids-entry key="¤¤" objectid="378" type="MONITOR" value="Controller-Host$Dynatrace$builtin:host.cpu.ziip.eligible"/>
<objectids-entry key="¤¤" objectid="379" type="MONITOR" value="Controller-Host$Dynatrace$builtin:host.cpu.entConfig"/>
<objectids-entry key="¤¤" objectid="380" type="MONITOR" value="Controller-Host$Dynatrace$builtin:host.cpu.entc"/>
<objectids-entry key="¤¤" objectid="381" type="MONITOR" value="Controller-Host$Dynatrace$builtin:host.cpu.idle"/>
<objectids-entry key="¤¤" objectid="382" type="MONITOR" value="Controller-Host$Dynatrace$builtin:host.cpu.iowait"/>
<objectids-entry key="¤¤" objectid="383" type="MONITOR" value="Controller-Host$Dynatrace$builtin:host.cpu.load"/>
<objectids-entry key="¤¤" objectid="384" type="MONITOR" value="Controller-Host$Dynatrace$builtin:host.cpu.load15m"/>
<objectids-entry key="¤¤" objectid="385" type="MONITOR" value="Controller-Host$Dynatrace$builtin:host.cpu.load5m"/>
<objectids-entry key="¤¤" objectid="386" type="MONITOR" value="Controller-Host$Dynatrace$builtin:host.cpu.other"/>
<objectids-entry key="¤¤" objectid="387" type="MONITOR" value="Controller-Host$Dynatrace$builtin:host.cpu.physc"/>
<objectids-entry key="¤¤" objectid="388" type="MONITOR" value="Controller-Host$Dynatrace$builtin:host.cpu.steal"/>
<objectids-entry key="¤¤" objectid="389" type="MONITOR" value="Controller-Host$Dynatrace$builtin:host.cpu.system"/>
<objectids-entry key="¤¤" objectid="390" type="MONITOR" value="Controller-Host$Dynatrace$builtin:host.cpu.usage"/>
<objectids-entry key="¤¤" objectid="391" type="MONITOR" value="Controller-Host$Dynatrace$builtin:host.cpu.user"/>
<objectids-entry key="¤¤" objectid="392" type="MONITOR" value="Controller-Host$Dynatrace$builtin:host.cpu.gcpu.usage"/>
<objectids-entry key="¤¤" objectid="393" type="MONITOR" value="Controller-Host$Dynatrace$builtin:host.disk.throughput.read"/>
<objectids-entry key="¤¤" objectid="394" type="MONITOR" value="Controller-Host$Dynatrace$builtin:host.disk.throughput.write"/>
<objectids-entry key="¤¤" objectid="395" type="MONITOR" value="Controller-Host$Dynatrace$builtin:host.disk.avail"/>
<objectids-entry key="¤¤" objectid="396" type="MONITOR" value="Controller-Host$Dynatrace$builtin:host.disk.bytesRead"/>
<objectids-entry key="¤¤" objectid="397" type="MONITOR" value="Controller-Host$Dynatrace$builtin:host.disk.bytesWritten"/>
<objectids-entry key="¤¤" objectid="398" type="MONITOR" value="Controller-Host$Dynatrace$builtin:host.disk.free"/>
<objectids-entry key="¤¤" objectid="399" type="MONITOR" value="Controller-Host$Dynatrace$builtin:host.disk.inodesAvail"/>
<objectids-entry key="¤¤" objectid="400" type="MONITOR" value="Controller-Host$Dynatrace$builtin:host.disk.inodesTotal"/>
<objectids-entry key="¤¤" objectid="401" type="MONITOR" value="Controller-Host$Dynatrace$builtin:host.disk.queueLength"/>
<objectids-entry key="¤¤" objectid="402" type="MONITOR" value="Controller-Host$Dynatrace$builtin:host.disk.readOps"/>
<objectids-entry key="¤¤" objectid="403" type="MONITOR" value="Controller-Host$Dynatrace$builtin:host.disk.readTime"/>
<objectids-entry key="¤¤" objectid="404" type="MONITOR" value="Controller-Host$Dynatrace$builtin:host.disk.used"/>
<objectids-entry key="¤¤" objectid="405" type="MONITOR" value="Controller-Host$Dynatrace$builtin:host.disk.usedPct"/>
<objectids-entry key="¤¤" objectid="406" type="MONITOR" value="Controller-Host$Dynatrace$builtin:host.disk.utilTime"/>
<objectids-entry key="¤¤" objectid="407" type="MONITOR" value="Controller-Host$Dynatrace$builtin:host.disk.writeOps"/>
<objectids-entry key="¤¤" objectid="408" type="MONITOR" value="Controller-Host$Dynatrace$builtin:host.disk.writeTime"/>
<objectids-entry key="¤¤" objectid="409" type="MONITOR" value="Controller-Host$Dynatrace$builtin:host.handles.fileDescriptorsMax"/>
<objectids-entry key="¤¤" objectid="410" type="MONITOR" value="Controller-Host$Dynatrace$builtin:host.handles.fileDescriptorsUsed"/>
<objectids-entry key="¤¤" objectid="411" type="MONITOR" value="Controller-Host$Dynatrace$builtin:host.kernelThreads.blocked"/>
<objectids-entry key="¤¤" objectid="412" type="MONITOR" value="Controller-Host$Dynatrace$builtin:host.kernelThreads.ioEventWait"/>
<objectids-entry key="¤¤" objectid="413" type="MONITOR" value="Controller-Host$Dynatrace$builtin:host.kernelThreads.ioMessageWait"/>
<objectids-entry key="¤¤" objectid="414" type="MONITOR" value="Controller-Host$Dynatrace$builtin:host.kernelThreads.running"/>
<objectids-entry key="¤¤" objectid="415" type="MONITOR" value="Controller-Host$Dynatrace$builtin:host.mem.avail.bytes"/>
<objectids-entry key="¤¤" objectid="416" type="MONITOR" value="Controller-Host$Dynatrace$builtin:host.mem.avail.pct"/>
<objectids-entry key="¤¤" objectid="417" type="MONITOR" value="Controller-Host$Dynatrace$builtin:host.mem.avail.pfps"/>
<objectids-entry key="¤¤" objectid="418" type="MONITOR" value="Controller-Host$Dynatrace$builtin:host.mem.swap.avail"/>
<objectids-entry key="¤¤" objectid="419" type="MONITOR" value="Controller-Host$Dynatrace$builtin:host.mem.swap.used"/>
<objectids-entry key="¤¤" objectid="420" type="MONITOR" value="Controller-Host$Dynatrace$builtin:host.mem.kernel"/>
<objectids-entry key="¤¤" objectid="421" type="MONITOR" value="Controller-Host$Dynatrace$builtin:host.mem.recl"/>
<objectids-entry key="¤¤" objectid="422" type="MONITOR" value="Controller-Host$Dynatrace$builtin:host.mem.usage"/>
<objectids-entry key="¤¤" objectid="423" type="MONITOR" value="Controller-Host$Dynatrace$builtin:host.mem.used"/>
<objectids-entry key="¤¤" objectid="424" type="MONITOR" value="Controller-Host$Dynatrace$builtin:host.net.nic.packets.droppedRx"/>
<objectids-entry key="¤¤" objectid="425" type="MONITOR" value="Controller-Host$Dynatrace$builtin:host.net.nic.packets.droppedTx"/>
<objectids-entry key="¤¤" objectid="426" type="MONITOR" value="Controller-Host$Dynatrace$builtin:host.net.nic.packets.errorsRx"/>
<objectids-entry key="¤¤" objectid="427" type="MONITOR" value="Controller-Host$Dynatrace$builtin:host.net.nic.packets.errorsTx"/>
<objectids-entry key="¤¤" objectid="428" type="MONITOR" value="Controller-Host$Dynatrace$builtin:host.net.nic.packets.rx"/>
<objectids-entry key="¤¤" objectid="429" type="MONITOR" value="Controller-Host$Dynatrace$builtin:host.net.nic.packets.tx"/>
<objectids-entry key="¤¤" objectid="430" type="MONITOR" value="Controller-Host$Dynatrace$builtin:host.net.nic.bytesRx"/>
<objectids-entry key="¤¤" objectid="431" type="MONITOR" value="Controller-Host$Dynatrace$builtin:host.net.nic.bytesTx"/>
<objectids-entry key="¤¤" objectid="432" type="MONITOR" value="Controller-Host$Dynatrace$builtin:host.net.nic.linkUtilRx"/>
<objectids-entry key="¤¤" objectid="433" type="MONITOR" value="Controller-Host$Dynatrace$builtin:host.net.nic.linkUtilTx"/>
<objectids-entry key="¤¤" objectid="434" type="MONITOR" value="Controller-Host$Dynatrace$builtin:host.net.nic.trafficIn"/>
<objectids-entry key="¤¤" objectid="435" type="MONITOR" value="Controller-Host$Dynatrace$builtin:host.net.nic.trafficOut"/>
<objectids-entry key="¤¤" objectid="436" type="MONITOR" value="Controller-Host$Dynatrace$builtin:host.net.packets.rxBaseReceived"/>
<objectids-entry key="¤¤" objectid="437" type="MONITOR" value="Controller-Host$Dynatrace$builtin:host.net.packets.rxBaseSent"/>
<objectids-entry key="¤¤" objectid="438" type="MONITOR" value="Controller-Host$Dynatrace$builtin:host.net.packets.rxReceived"/>
<objectids-entry key="¤¤" objectid="439" type="MONITOR" value="Controller-Host$Dynatrace$builtin:host.net.packets.rxSent"/>
<objectids-entry key="¤¤" objectid="440" type="MONITOR" value="Controller-Host$Dynatrace$builtin:host.net.sessions.local.errRst"/>
<objectids-entry key="¤¤" objectid="441" type="MONITOR" value="Controller-Host$Dynatrace$builtin:host.net.sessions.local.errTmout"/>
<objectids-entry key="¤¤" objectid="442" type="MONITOR" value="Controller-Host$Dynatrace$builtin:host.net.sessions.local.new"/>
<objectids-entry key="¤¤" objectid="443" type="MONITOR" value="Controller-Host$Dynatrace$builtin:host.net.sessions.errRst"/>
<objectids-entry key="¤¤" objectid="444" type="MONITOR" value="Controller-Host$Dynatrace$builtin:host.net.sessions.errTmout"/>
<objectids-entry key="¤¤" objectid="445" type="MONITOR" value="Controller-Host$Dynatrace$builtin:host.net.sessions.new"/>
<objectids-entry key="¤¤" objectid="446" type="MONITOR" value="Controller-Host$Dynatrace$builtin:host.net.bytesRx"/>
<objectids-entry key="¤¤" objectid="447" type="MONITOR" value="Controller-Host$Dynatrace$builtin:host.net.bytesTx"/>
<objectids-entry key="¤¤" objectid="448" type="MONITOR" value="Controller-Host$Dynatrace$builtin:host.osService.availability"/>
<objectids-entry key="¤¤" objectid="449" type="MONITOR" value="Controller-Host$Dynatrace$builtin:host.dns.errorCount"/>
<objectids-entry key="¤¤" objectid="450" type="MONITOR" value="Controller-Host$Dynatrace$builtin:host.dns.orphanCount"/>
<objectids-entry key="¤¤" objectid="451" type="MONITOR" value="Controller-Host$Dynatrace$builtin:host.dns.queryCount"/>
<objectids-entry key="¤¤" objectid="452" type="MONITOR" value="Controller-Host$Dynatrace$builtin:host.dns.queryTime"/>
<objectids-entry key="¤¤" objectid="453" type="MONITOR" value="Controller-Host$Dynatrace$builtin:host.remotePluginAgent.selfMonitoring.executionTime"/>
<objectids-entry key="¤¤" objectid="454" type="MONITOR" value="Controller-Host$Dynatrace$builtin:host.availability"/>
<objectids-entry key="¤¤" objectid="455" type="MONITOR" value="Controller-Host$Dynatrace$builtin:host.osProcessStats.osProcessCount"/>
<objectids-entry key="¤¤" objectid="456" type="MONITOR" value="Controller-Host$Dynatrace$builtin:host.osProcessStats.pgiCount"/>
<objectids-entry key="¤¤" objectid="457" type="MONITOR" value="Controller-Host$Dynatrace$builtin:host.osProcessStats.pgiReportedCount"/>
<objectids-entry key="¤¤" objectid="458" type="MONITOR" value="Controller-Host$Dynatrace$builtin:service.cpu.perRequest"/>
<objectids-entry key="¤¤" objectid="459" type="MONITOR" value="Controller-Host$Dynatrace$builtin:service.cpu.time"/>
<objectids-entry key="¤¤" objectid="460" type="MONITOR" value="Controller-Host$Dynatrace$builtin:service.errors.client.count"/>
<objectids-entry key="¤¤" objectid="461" type="MONITOR" value="Controller-Host$Dynatrace$builtin:service.errors.client.rate"/>
<objectids-entry key="¤¤" objectid="462" type="MONITOR" value="Controller-Host$Dynatrace$builtin:service.errors.client.successCount"/>
<objectids-entry key="¤¤" objectid="463" type="MONITOR" value="Controller-Host$Dynatrace$builtin:service.errors.fivexx.count"/>
<objectids-entry key="¤¤" objectid="464" type="MONITOR" value="Controller-Host$Dynatrace$builtin:service.errors.fivexx.rate"/>
<objectids-entry key="¤¤" objectid="465" type="MONITOR" value="Controller-Host$Dynatrace$builtin:service.errors.fivexx.successCount"/>
<objectids-entry key="¤¤" objectid="466" type="MONITOR" value="Controller-Host$Dynatrace$builtin:service.errors.fourxx.count"/>
<objectids-entry key="¤¤" objectid="467" type="MONITOR" value="Controller-Host$Dynatrace$builtin:service.errors.fourxx.rate"/>
<objectids-entry key="¤¤" objectid="468" type="MONITOR" value="Controller-Host$Dynatrace$builtin:service.errors.fourxx.successCount"/>
<objectids-entry key="¤¤" objectid="469" type="MONITOR" value="Controller-Host$Dynatrace$builtin:service.errors.server.count"/>
<objectids-entry key="¤¤" objectid="470" type="MONITOR" value="Controller-Host$Dynatrace$builtin:service.errors.server.rate"/>
<objectids-entry key="¤¤" objectid="471" type="MONITOR" value="Controller-Host$Dynatrace$builtin:service.errors.server.successCount"/>
<objectids-entry key="¤¤" objectid="472" type="MONITOR" value="Controller-Host$Dynatrace$builtin:service.errors.total.count"/>
<objectids-entry key="¤¤" objectid="473" type="MONITOR" value="Controller-Host$Dynatrace$builtin:service.errors.total.rate"/>
<objectids-entry key="¤¤" objectid="474" type="MONITOR" value="Controller-Host$Dynatrace$builtin:service.errors.total.successCount"/>
<objectids-entry key="¤¤" objectid="475" type="MONITOR" value="Controller-Host$Dynatrace$builtin:service.response.client"/>
<objectids-entry key="¤¤" objectid="476" type="MONITOR" value="Controller-Host$Dynatrace$builtin:service.response.server"/>
<objectids-entry key="¤¤" objectid="477" type="MONITOR" value="Controller-Host$Dynatrace$builtin:service.response.time"/>
<objectids-entry key="¤¤" objectid="478" type="MONITOR" value="Controller-Host$Dynatrace$builtin:service.dbconnections.failure"/>
<objectids-entry key="¤¤" objectid="479" type="MONITOR" value="Controller-Host$Dynatrace$builtin:service.dbconnections.failureRate"/>
<objectids-entry key="¤¤" objectid="480" type="MONITOR" value="Controller-Host$Dynatrace$builtin:service.dbconnections.success"/>
<objectids-entry key="¤¤" objectid="481" type="MONITOR" value="Controller-Host$Dynatrace$builtin:service.dbconnections.successRate"/>
<objectids-entry key="¤¤" objectid="482" type="MONITOR" value="Controller-Host$Dynatrace$builtin:service.dbconnections.total"/>
<objectids-entry key="¤¤" objectid="483" type="MONITOR" value="Controller-Host$Dynatrace$builtin:service.requestCount.client"/>
<objectids-entry key="¤¤" objectid="484" type="MONITOR" value="Controller-Host$Dynatrace$builtin:service.requestCount.server"/>
<objectids-entry key="¤¤" objectid="485" type="MONITOR" value="Controller-Host$Dynatrace$builtin:service.requestCount.total"/>
<objectids-entry key="¤¤" objectid="486" type="MONITOR" value="Controller-Host$Dynatrace$builtin:service.successes.server.rate"/>
<objectids-entry key="¤¤" objectid="487" type="MONITOR" value="Controller-Host$Dynatrace$builtin:service.totalProcessingTime"/>
<objectids-entry key="¤¤" objectid="488" type="MONITOR" value="Controller-Host$Dynatrace$builtin:service.dbChildCallCount"/>
<objectids-entry key="¤¤" objectid="489" type="MONITOR" value="Controller-Host$Dynatrace$builtin:service.dbChildCallTime"/>
<objectids-entry key="¤¤" objectid="490" type="MONITOR" value="Controller-Host$Dynatrace$builtin:service.ioTime"/>
<objectids-entry key="¤¤" objectid="491" type="MONITOR" value="Controller-Host$Dynatrace$builtin:service.lockTime"/>
<objectids-entry key="¤¤" objectid="492" type="MONITOR" value="Controller-Host$Dynatrace$builtin:service.nonDbChildCallCount"/>
<objectids-entry key="¤¤" objectid="493" type="MONITOR" value="Controller-Host$Dynatrace$builtin:service.nonDbChildCallTime"/>
<objectids-entry key="¤¤" objectid="494" type="MONITOR" value="Controller-Host$Dynatrace$builtin:service.waitTime"/>
<objectids-entry key="¤¤" objectid="495" type="MONITOR" value="Controller-Host$Dynatrace$builtin:tech.jvm.spark.aliveWorkers"/>
<objectids-entry key="¤¤" objectid="496" type="MONITOR" value="Controller-Host$Dynatrace$builtin:tech.jvm.spark.apps"/>
<objectids-entry key="¤¤" objectid="497" type="MONITOR" value="Controller-Host$Dynatrace$builtin:tech.jvm.spark.waitingApps"/>
<objectids-entry key="¤¤" objectid="498" type="MONITOR" value="Controller-Host$Dynatrace$builtin:tech.jvm.spark.workers"/>
<objectids-entry key="¤¤" objectid="499" type="MONITOR" value="Controller-Host$Dynatrace$builtin:tech.jvm.spark.aliveWorkers.gauge"/>
<objectids-entry key="¤¤" objectid="500" type="MONITOR" value="Controller-Host$Dynatrace$builtin:tech.jvm.spark.apps.gauge"/>
<objectids-entry key="¤¤" objectid="501" type="MONITOR" value="Controller-Host$Dynatrace$builtin:tech.jvm.spark.driver.Count"/>
<objectids-entry key="¤¤" objectid="502" type="MONITOR" value="Controller-Host$Dynatrace$builtin:tech.jvm.spark.driver.Mean"/>
<objectids-entry key="¤¤" objectid="503" type="MONITOR" value="Controller-Host$Dynatrace$builtin:tech.jvm.spark.driver.OneMinuteRate"/>
<objectids-entry key="¤¤" objectid="504" type="MONITOR" value="Controller-Host$Dynatrace$builtin:tech.jvm.spark.driver.activeJobs"/>
<objectids-entry key="¤¤" objectid="505" type="MONITOR" value="Controller-Host$Dynatrace$builtin:tech.jvm.spark.driver.allJobs"/>
<objectids-entry key="¤¤" objectid="506" type="MONITOR" value="Controller-Host$Dynatrace$builtin:tech.jvm.spark.driver.failedStages"/>
<objectids-entry key="¤¤" objectid="507" type="MONITOR" value="Controller-Host$Dynatrace$builtin:tech.jvm.spark.driver.runningStages"/>
<objectids-entry key="¤¤" objectid="508" type="MONITOR" value="Controller-Host$Dynatrace$builtin:tech.jvm.spark.driver.waitingStages"/>
<objectids-entry key="¤¤" objectid="509" type="MONITOR" value="Controller-Host$Dynatrace$builtin:tech.jvm.spark.driver.Count.timer"/>
<objectids-entry key="¤¤" objectid="510" type="MONITOR" value="Controller-Host$Dynatrace$builtin:tech.jvm.spark.driver.Mean.timer"/>
<objectids-entry key="¤¤" objectid="511" type="MONITOR" value="Controller-Host$Dynatrace$builtin:tech.jvm.spark.driver.OneMinuteRate.timer"/>
<objectids-entry key="¤¤" objectid="512" type="MONITOR" value="Controller-Host$Dynatrace$builtin:tech.jvm.spark.driver.activeJobs.gauge"/>
<objectids-entry key="¤¤" objectid="513" type="MONITOR" value="Controller-Host$Dynatrace$builtin:tech.jvm.spark.driver.allJobs.gauge"/>
<objectids-entry key="¤¤" objectid="514" type="MONITOR" value="Controller-Host$Dynatrace$builtin:tech.jvm.spark.driver.failedStages.gauge"/>
<objectids-entry key="¤¤" objectid="515" type="MONITOR" value="Controller-Host$Dynatrace$builtin:tech.jvm.spark.driver.runningStages.gauge"/>
<objectids-entry key="¤¤" objectid="516" type="MONITOR" value="Controller-Host$Dynatrace$builtin:tech.jvm.spark.driver.waitingStages.gauge"/>
<objectids-entry key="¤¤" objectid="517" type="MONITOR" value="Controller-Host$Dynatrace$builtin:tech.jvm.spark.waitingApps.gauge"/>
<objectids-entry key="¤¤" objectid="518" type="MONITOR" value="Controller-Host$Dynatrace$builtin:tech.jvm.spark.workers.gauge"/>
<objectids-entry key="¤¤" objectid="519" type="MONITOR" value="Controller-Host$Dynatrace$calc:service.testtransactioncputime"/>
<objectids-entry key="¤¤" objectid="520" type="MONITORED_HOST" value="NeoLoad"/>
<objectids-entry key="¤¤" objectid="521" type="MONITORCONNECTION" value="NeoLoad$NeoLoad"/>
<objectids-entry key="¤¤" objectid="522" type="MONITOR" value="NeoLoad$NeoLoad$UserLoad"/>
<objectids-entry key="¤¤" objectid="523" type="MONITOR" value="NeoLoad$NeoLoad$throughput"/>
<objectids-entry key="¤¤" objectid="524" type="MONITOR" value="NeoLoad$NeoLoad$Alerts"/>
<objectids-entry key="¤¤" objectid="525" type="MONITOR" value="NeoLoad$NeoLoad$CriticalAlerts"/>
<objectids-entry key="¤¤" objectid="526" type="MONITOR" value="NeoLoad$NeoLoad$WarningAlerts"/>
<objectids-entry key="¤¤" objectid="527" type="MONITOR" value="NeoLoad$NeoLoad$cpu"/>
<objectids-entry key="¤¤" objectid="528" type="THRESHOLD" value="NeoLoad$NeoLoad$b420defb-b0ea-4a50-bba8-cbcac3f9ab0a"/>
<objectids-entry key="¤¤" objectid="529" type="MONITOR" value="NeoLoad$NeoLoad$memory"/>
<objectids-entry key="¤¤" objectid="530" type="THRESHOLD" value="NeoLoad$NeoLoad$8573b07f-d61d-4992-ac93-ebb31db3b8fa"/>
<objectids-entry key="¤¤" objectid="531" type="MONITOR" value="NeoLoad$NeoLoad$threadcount"/>
<objectids-entry key="¤¤" objectid="532" type="MONITOR" value="NeoLoad$NeoLoad$connectedlg"/>
<objectids-entry key="¤¤" objectid="533" type="MONITOR" value="NeoLoad$NeoLoad$totallgdisconnections"/>
<objectids-entry key="¤¤" objectid="534" type="THRESHOLD" value="NeoLoad$NeoLoad$2df9cf8f-abff-4459-abc1-f8939713511a"/>
<objectids-entry key="¤¤" objectid="535" type="MONITOR" value="NeoLoad$NeoLoad$totallgreconnections"/>
<objectids-entry key="¤¤" objectid="536" type="MONITOR" value="NeoLoad$NeoLoad$otcp.NeoLoad"/>
<objectids-entry key="¤¤" objectid="537" type="MONITOR" value="NeoLoad$NeoLoad$tcp.NeoLoad"/>
<objectids-entry key="¤¤" objectid="538" type="MONITOR" value="NeoLoad$NeoLoad$ibytesperinterface~NeoLoad~wlan1"/>
<objectids-entry key="¤¤" objectid="539" type="MONITOR" value="NeoLoad$NeoLoad$obytesperinterface~NeoLoad~wlan1"/>
<objectids-entry key="¤¤" objectid="540" type="MONITOR" value="NeoLoad$NeoLoad$ibytesperinterface~NeoLoad~wlan0"/>
<objectids-entry key="¤¤" objectid="541" type="MONITOR" value="NeoLoad$NeoLoad$obytesperinterface~NeoLoad~wlan0"/>
<objectids-entry key="¤¤" objectid="542" type="MONITOR" value="NeoLoad$NeoLoad$ibytesperinterface~NeoLoad~eth0"/>
<objectids-entry key="¤¤" objectid="543" type="MONITOR" value="NeoLoad$NeoLoad$obytesperinterface~NeoLoad~eth0"/>
<objectids-entry key="¤¤" objectid="544" type="MONITOR" value="NeoLoad$NeoLoad$ibytesperinterface~NeoLoad~eth17"/>
<objectids-entry key="¤¤" objectid="545" type="MONITOR" value="NeoLoad$NeoLoad$obytesperinterface~NeoLoad~eth17"/>
<objectids-entry key="¤¤" objectid="546" type="MONITOR" value="NeoLoad$NeoLoad$nlwebdownload"/>
<objectids-entry key="¤¤" objectid="547" type="MONITOR" value="NeoLoad$NeoLoad$nlwebupload"/>
<objectids-entry key="¤¤" objectid="548" type="MONITOR" value="NeoLoad$NeoLoad$SapUserLoad"/>
<objectids-entry key="¤¤" objectid="549" type="MONITOR" value="NeoLoad$NeoLoad$CitrixUserLoad"/>
<objectids-entry key="¤¤" objectid="550" type="MONITOR" value="NeoLoad$NeoLoad$zoneuserload~Default zone"/>
<objectids-entry key="¤¤" objectid="551" type="MONITOR" value="NeoLoad$NeoLoad$zoneuserloadperpopulation~Default zone~HipsterShop_buyer"/>
<objectids-entry key="¤¤" objectid="552" type="MONITOR" value="NeoLoad$NeoLoad$zoneuserloadperpopulation~Default zone~HipsterShop_buyer~Hipstershop_Buyer"/>
<objectids-entry key="¤¤" objectid="553" type="MONITOR" value="NeoLoad$NeoLoad$zoneuserloadperpopulation~Default zone~Sockshop_Buyer"/>
<objectids-entry key="¤¤" objectid="554" type="MONITOR" value="NeoLoad$NeoLoad$zoneuserloadperpopulation~Default zone~Sockshop_Buyer~Sockshop_Buyer"/>
<objectids-entry key="¤¤" objectid="555" type="MONITORED_HOST" value="LG localhost:7100"/>
<objectids-entry key="¤¤" objectid="556" type="MONITORCONNECTION" value="LG localhost:7100$NeoLoad"/>
<objectids-entry key="¤¤" objectid="557" type="MONITOR" value="LG localhost:7100$NeoLoad$lgcpu.localhost:7100"/>
<objectids-entry key="¤¤" objectid="558" type="THRESHOLD" value="LG localhost:7100$NeoLoad$6a18f76a-af76-4f54-9b6a-9d7badac5425"/>
<objectids-entry key="¤¤" objectid="559" type="MONITOR" value="LG localhost:7100$NeoLoad$lgmemory.localhost:7100"/>
<objectids-entry key="¤¤" objectid="560" type="THRESHOLD" value="LG localhost:7100$NeoLoad$f1167cbb-d930-4bcd-92d6-490b0ca79de0"/>
<objectids-entry key="¤¤" objectid="561" type="MONITOR" value="LG localhost:7100$NeoLoad$lgthroughput.localhost:7100"/>
<objectids-entry key="¤¤" objectid="562" type="MONITOR" value="LG localhost:7100$NeoLoad$lguserloadperpopulation~localhost:7100"/>
<objectids-entry key="¤¤" objectid="563" type="MONITOR" value="LG localhost:7100$NeoLoad$lgthreadcount.localhost:7100"/>
<objectids-entry key="¤¤" objectid="564" type="MONITOR" value="LG localhost:7100$NeoLoad$lg.jetty.httpclient.threadpool.used.localhost:7100"/>
<objectids-entry key="¤¤" objectid="565" type="MONITOR" value="LG localhost:7100$NeoLoad$lg.jetty.httpclient.taskpool.used.localhost:7100"/>
<objectids-entry key="¤¤" objectid="566" type="THRESHOLD" value="LG localhost:7100$NeoLoad$62df7f0e-eeac-44c2-9e08-72e35874c534"/>
<objectids-entry key="¤¤" objectid="567" type="MONITOR" value="LG localhost:7100$NeoLoad$lgdisconnections.localhost:7100"/>
<objectids-entry key="¤¤" objectid="568" type="MONITOR" value="LG localhost:7100$NeoLoad$lgreconnections.localhost:7100"/>
<objectids-entry key="¤¤" objectid="569" type="MONITOR" value="LG localhost:7100$NeoLoad$lgping.localhost:7100"/>
<objectids-entry key="¤¤" objectid="570" type="MONITOR" value="LG localhost:7100$NeoLoad$lgotcp.localhost:7100"/>
<objectids-entry key="¤¤" objectid="571" type="MONITOR" value="LG localhost:7100$NeoLoad$lgtcp.localhost:7100"/>
<objectids-entry key="¤¤" objectid="572" type="MONITOR" value="LG localhost:7100$NeoLoad$lgibytesperinterface~localhost:7100~wlan1"/>
<objectids-entry key="¤¤" objectid="573" type="MONITOR" value="LG localhost:7100$NeoLoad$lgobytesperinterface~localhost:7100~wlan1"/>
<objectids-entry key="¤¤" objectid="574" type="MONITOR" value="LG localhost:7100$NeoLoad$lgibytesperinterface~localhost:7100~wlan0"/>
<objectids-entry key="¤¤" objectid="575" type="MONITOR" value="LG localhost:7100$NeoLoad$lgobytesperinterface~localhost:7100~wlan0"/>
<objectids-entry key="¤¤" objectid="576" type="MONITOR" value="LG localhost:7100$NeoLoad$lgibytesperinterface~localhost:7100~eth0"/>
<objectids-entry key="¤¤" objectid="577" type="MONITOR" value="LG localhost:7100$NeoLoad$lgobytesperinterface~localhost:7100~eth0"/>
<objectids-entry key="¤¤" objectid="578" type="MONITOR" value="LG localhost:7100$NeoLoad$lgibytesperinterface~localhost:7100~eth17"/>
<objectids-entry key="¤¤" objectid="579" type="MONITOR" value="LG localhost:7100$NeoLoad$lgobytesperinterface~localhost:7100~eth17"/>
</objectids-table>
<!--****** DURATION ******-->
<duration value="0"/>
<!--****** AGGREGATION PERIOD ******-->
<aggregation-period value="1000"/>
<!--****** EXTENDED STATISTICS ******-->
<truncated-mean centered-interval="true" percentage="90"/>
<percentile percentage="50"/>
</project>
