
	<!DOCTYPE project [
		<!ELEMENT project (objectids-table | current-scenario | duration | aggregation-period | truncated-mean | percentile)* >
	
		<!ELEMENT objectids-table (objectids-entry)* >
		<!ELEMENT objectids-entry (#PCDATA)>
		<!ELEMENT duration (#PCDATA)>
		<!ELEMENT truncated-mean (#PCDATA)>
		<!ELEMENT percentile (#PCDATA)>
		<!ELEMENT aggregation-period (#PCDATA)>
		<!ELEMENT current-scenario (#PCDATA)>
		<!ATTLIST duration
		    value CDATA #REQUIRED>
	    <!ATTLIST aggregation-period
		    value CDATA #REQUIRED>
		<!ATTLIST objectids-entry
		    objectid CDATA #REQUIRED
		    type CDATA #REQUIRED
		    value CDATA #REQUIRED
		    key CDATA #REQUIRED>
		<!ATTLIST truncated-mean
		    centered-interval CDATA #REQUIRED
		    percentage CDATA #REQUIRED>
		 <!ATTLIST percentile
		    percentage CDATA #REQUIRED>
	]>


<!--****** RUNTIME PROJECT ******--><project>
<!--****** CURRENT SCENARIO ******-->
<current-scenario>scenario1</current-scenario>
<!--****** OBJECTIDS ******-->
<objectids-table>
<objectids-entry key="" objectid="0" type="LG_HOST" value="localhost:7100"/>
<objectids-entry key="" objectid="1" type="ZONE" value="Default zone"/>
<objectids-entry key="Default zone¤buyer¤" objectid="2" type="POPULATION" value="buyer"/>
<objectids-entry key="Default zone¤buyer¤Buyer" objectid="3" type="VIRTUAL_USER" value="Buyer"/>
<objectids-entry key="Default zone¤buyer¤Buyer" objectid="4" type="BASIC_LOGICAL_CONTAINER" value="$parent=Buyer;$index=0"/>
<objectids-entry key="Default zone¤buyer¤Buyer" objectid="5" type="BASIC_LOGICAL_CONTAINER" value="$parent=Buyer;$index=1"/>
<objectids-entry key="Default zone¤buyer¤Buyer" objectid="6" type="LOOP" value="8187c539-2dd7-4855-888a-4e7dcbbb917e"/>
<objectids-entry key="Default zone¤buyer¤Buyer" objectid="7" type="BASIC_LOGICAL_CONTAINER" value="f2489196-0511-49fb-8e04-f35248d89231"/>
<objectids-entry key="Default zone¤buyer¤Buyer" objectid="8" type="HTTP_PAGE" value="51810300-27b4-4885-9dec-b440fca34d3e"/>
<objectids-entry key="Default zone¤buyer¤Buyer" objectid="9" type="ACTION" value="21a74f63-7317-4ca8-9e4b-a6d77fca3690"/>
<objectids-entry key="Default zone¤buyer¤Buyer" objectid="10" type="IF" value="0087628b-aa04-4be0-a6e5-6b880b81e52a"/>
<objectids-entry key="Default zone¤buyer¤Buyer" objectid="11" type="BASIC_LOGICAL_CONTAINER" value="$parent=0087628b-aa04-4be0-a6e5-6b880b81e52a;$index=0"/>
<objectids-entry key="Default zone¤buyer¤Buyer" objectid="12" type="BASIC_LOGICAL_CONTAINER" value="36fcbad5-cfd3-43d0-84fa-ca2e57a06eba"/>
<objectids-entry key="Default zone¤buyer¤Buyer" objectid="13" type="HTTP_PAGE" value="dfaf26f1-38a7-4d8f-ad77-94fd22fabd15"/>
<objectids-entry key="Default zone¤buyer¤Buyer" objectid="14" type="ACTION" value="c6c6a883-0417-44c3-aff5-62e29f2054b2"/>
<objectids-entry key="Default zone¤buyer¤Buyer" objectid="15" type="BASIC_LOGICAL_CONTAINER" value="ec6ff7ef-a00d-4da8-9609-2df04fa2be3b"/>
<objectids-entry key="Default zone¤buyer¤Buyer" objectid="16" type="BASIC_LOGICAL_CONTAINER" value="35b1bf32-64e9-4504-814d-49abb2a3b038"/>
<objectids-entry key="Default zone¤buyer¤Buyer" objectid="17" type="HTTP_PAGE" value="0f94ce8f-3fc6-4203-9735-0a1b5612318a"/>
<objectids-entry key="Default zone¤buyer¤Buyer" objectid="18" type="ACTION" value="7471aa5d-46ad-46e7-a010-40f8309cabe7"/>
<objectids-entry key="Default zone¤buyer¤Buyer" objectid="19" type="ACTION" value="da924a6f-9d1e-4b15-9034-a0ca15bff822"/>
<objectids-entry key="Default zone¤buyer¤Buyer" objectid="20" type="BASIC_LOGICAL_CONTAINER" value="c219446a-24d4-4f39-91b0-eb259cc70b41"/>
<objectids-entry key="Default zone¤buyer¤Buyer" objectid="21" type="HTTP_PAGE" value="834cc07c-9ef8-4cdd-b99b-365d03f174db"/>
<objectids-entry key="Default zone¤buyer¤Buyer" objectid="22" type="ACTION" value="b3292a04-0956-414f-98c0-a046d6ddf37c"/>
<objectids-entry key="Default zone¤buyer¤Buyer" objectid="23" type="BASIC_LOGICAL_CONTAINER" value="$parent=0087628b-aa04-4be0-a6e5-6b880b81e52a;$index=1"/>
<objectids-entry key="Default zone¤buyer¤Buyer" objectid="24" type="BASIC_LOGICAL_CONTAINER" value="337c3a28-524b-4f8f-82dc-f320e70c1d46"/>
<objectids-entry key="Default zone¤buyer¤Buyer" objectid="25" type="HTTP_PAGE" value="e442f326-9b06-488a-b99b-540726d4de6d"/>
<objectids-entry key="Default zone¤buyer¤Buyer" objectid="26" type="ACTION" value="635114b8-efcd-4c1a-b88b-ade0ba92e0b8"/>
<objectids-entry key="Default zone¤buyer¤Buyer" objectid="27" type="BASIC_LOGICAL_CONTAINER" value="97d3f2ce-4185-43f6-b7d6-a8e730c8f6f4"/>
<objectids-entry key="Default zone¤buyer¤Buyer" objectid="28" type="HTTP_PAGE" value="662689ec-e14d-4c1b-b80c-cf07d490bbc3"/>
<objectids-entry key="Default zone¤buyer¤Buyer" objectid="29" type="ACTION" value="1a7c8984-35c7-4951-b005-c5188a73b472"/>
<objectids-entry key="Default zone¤buyer¤Buyer" objectid="30" type="BASIC_LOGICAL_CONTAINER" value="$parent=Buyer;$index=2"/>
<objectids-entry key="¤¤" objectid="31" type="MONITORED_HOST" value="NeoLoad"/>
<objectids-entry key="¤¤" objectid="32" type="MONITORCONNECTION" value="NeoLoad$NeoLoad"/>
<objectids-entry key="¤¤" objectid="33" type="MONITOR" value="NeoLoad$NeoLoad$UserLoad"/>
<objectids-entry key="¤¤" objectid="34" type="MONITOR" value="NeoLoad$NeoLoad$throughput"/>
<objectids-entry key="¤¤" objectid="35" type="MONITOR" value="NeoLoad$NeoLoad$Alerts"/>
<objectids-entry key="¤¤" objectid="36" type="MONITOR" value="NeoLoad$NeoLoad$CriticalAlerts"/>
<objectids-entry key="¤¤" objectid="37" type="MONITOR" value="NeoLoad$NeoLoad$WarningAlerts"/>
<objectids-entry key="¤¤" objectid="38" type="MONITOR" value="NeoLoad$NeoLoad$cpu"/>
<objectids-entry key="¤¤" objectid="39" type="THRESHOLD" value="NeoLoad$NeoLoad$8155a6c4-d8d7-4752-ad67-08d525ef4fe6"/>
<objectids-entry key="¤¤" objectid="40" type="MONITOR" value="NeoLoad$NeoLoad$memory"/>
<objectids-entry key="¤¤" objectid="41" type="THRESHOLD" value="NeoLoad$NeoLoad$1cc791c7-2f9a-439f-910d-cd9ee95bb153"/>
<objectids-entry key="¤¤" objectid="42" type="MONITOR" value="NeoLoad$NeoLoad$threadcount"/>
<objectids-entry key="¤¤" objectid="43" type="MONITOR" value="NeoLoad$NeoLoad$connectedlg"/>
<objectids-entry key="¤¤" objectid="44" type="MONITOR" value="NeoLoad$NeoLoad$totallgdisconnections"/>
<objectids-entry key="¤¤" objectid="45" type="THRESHOLD" value="NeoLoad$NeoLoad$4cef578f-a318-4bac-bdd3-0f3308c1ce25"/>
<objectids-entry key="¤¤" objectid="46" type="MONITOR" value="NeoLoad$NeoLoad$totallgreconnections"/>
<objectids-entry key="¤¤" objectid="47" type="MONITOR" value="NeoLoad$NeoLoad$otcp.NeoLoad"/>
<objectids-entry key="¤¤" objectid="48" type="MONITOR" value="NeoLoad$NeoLoad$tcp.NeoLoad"/>
<objectids-entry key="¤¤" objectid="49" type="MONITOR" value="NeoLoad$NeoLoad$ibytesperinterface~NeoLoad~wlan1"/>
<objectids-entry key="¤¤" objectid="50" type="MONITOR" value="NeoLoad$NeoLoad$obytesperinterface~NeoLoad~wlan1"/>
<objectids-entry key="¤¤" objectid="51" type="MONITOR" value="NeoLoad$NeoLoad$ibytesperinterface~NeoLoad~wlan0"/>
<objectids-entry key="¤¤" objectid="52" type="MONITOR" value="NeoLoad$NeoLoad$obytesperinterface~NeoLoad~wlan0"/>
<objectids-entry key="¤¤" objectid="53" type="MONITOR" value="NeoLoad$NeoLoad$ibytesperinterface~NeoLoad~eth5"/>
<objectids-entry key="¤¤" objectid="54" type="MONITOR" value="NeoLoad$NeoLoad$obytesperinterface~NeoLoad~eth5"/>
<objectids-entry key="¤¤" objectid="55" type="MONITOR" value="NeoLoad$NeoLoad$ibytesperinterface~NeoLoad~eth2"/>
<objectids-entry key="¤¤" objectid="56" type="MONITOR" value="NeoLoad$NeoLoad$obytesperinterface~NeoLoad~eth2"/>
<objectids-entry key="¤¤" objectid="57" type="MONITOR" value="NeoLoad$NeoLoad$ibytesperinterface~NeoLoad~eth0"/>
<objectids-entry key="¤¤" objectid="58" type="MONITOR" value="NeoLoad$NeoLoad$obytesperinterface~NeoLoad~eth0"/>
<objectids-entry key="¤¤" objectid="59" type="MONITOR" value="NeoLoad$NeoLoad$ibytesperinterface~NeoLoad~eth23"/>
<objectids-entry key="¤¤" objectid="60" type="MONITOR" value="NeoLoad$NeoLoad$obytesperinterface~NeoLoad~eth23"/>
<objectids-entry key="¤¤" objectid="61" type="MONITOR" value="NeoLoad$NeoLoad$nlwebdownload"/>
<objectids-entry key="¤¤" objectid="62" type="MONITOR" value="NeoLoad$NeoLoad$nlwebupload"/>
<objectids-entry key="¤¤" objectid="63" type="MONITOR" value="NeoLoad$NeoLoad$SapUserLoad"/>
<objectids-entry key="¤¤" objectid="64" type="MONITOR" value="NeoLoad$NeoLoad$CitrixUserLoad"/>
<objectids-entry key="¤¤" objectid="65" type="MONITOR" value="NeoLoad$NeoLoad$zoneuserload~Default zone"/>
<objectids-entry key="¤¤" objectid="66" type="MONITOR" value="NeoLoad$NeoLoad$zoneuserloadperpopulation~Default zone~buyer"/>
<objectids-entry key="¤¤" objectid="67" type="MONITOR" value="NeoLoad$NeoLoad$zoneuserloadperpopulation~Default zone~buyer~Buyer"/>
<objectids-entry key="¤¤" objectid="68" type="MONITORED_HOST" value="LG localhost:7100"/>
<objectids-entry key="¤¤" objectid="69" type="MONITORCONNECTION" value="LG localhost:7100$NeoLoad"/>
<objectids-entry key="¤¤" objectid="70" type="MONITOR" value="LG localhost:7100$NeoLoad$lgcpu.localhost:7100"/>
<objectids-entry key="¤¤" objectid="71" type="THRESHOLD" value="LG localhost:7100$NeoLoad$cb193fe6-f7eb-4da7-8375-e9b2f453f2f3"/>
<objectids-entry key="¤¤" objectid="72" type="MONITOR" value="LG localhost:7100$NeoLoad$lgmemory.localhost:7100"/>
<objectids-entry key="¤¤" objectid="73" type="THRESHOLD" value="LG localhost:7100$NeoLoad$276a27fe-744d-41b4-b1a0-70d9f8781d07"/>
<objectids-entry key="¤¤" objectid="74" type="MONITOR" value="LG localhost:7100$NeoLoad$lgthroughput.localhost:7100"/>
<objectids-entry key="¤¤" objectid="75" type="MONITOR" value="LG localhost:7100$NeoLoad$lguserloadperpopulation~localhost:7100"/>
<objectids-entry key="¤¤" objectid="76" type="MONITOR" value="LG localhost:7100$NeoLoad$lgthreadcount.localhost:7100"/>
<objectids-entry key="¤¤" objectid="77" type="MONITOR" value="LG localhost:7100$NeoLoad$lg.jetty.httpclient.threadpool.used.localhost:7100"/>
<objectids-entry key="¤¤" objectid="78" type="MONITOR" value="LG localhost:7100$NeoLoad$lg.jetty.httpclient.taskpool.used.localhost:7100"/>
<objectids-entry key="¤¤" objectid="79" type="THRESHOLD" value="LG localhost:7100$NeoLoad$ef557e8b-6ad1-4ce4-b38c-890e8730a3f0"/>
<objectids-entry key="¤¤" objectid="80" type="MONITOR" value="LG localhost:7100$NeoLoad$lgdisconnections.localhost:7100"/>
<objectids-entry key="¤¤" objectid="81" type="MONITOR" value="LG localhost:7100$NeoLoad$lgreconnections.localhost:7100"/>
<objectids-entry key="¤¤" objectid="82" type="MONITOR" value="LG localhost:7100$NeoLoad$lgping.localhost:7100"/>
<objectids-entry key="¤¤" objectid="83" type="MONITOR" value="LG localhost:7100$NeoLoad$lgotcp.localhost:7100"/>
<objectids-entry key="¤¤" objectid="84" type="MONITOR" value="LG localhost:7100$NeoLoad$lgtcp.localhost:7100"/>
<objectids-entry key="¤¤" objectid="85" type="MONITOR" value="LG localhost:7100$NeoLoad$lgibytesperinterface~localhost:7100~wlan1"/>
<objectids-entry key="¤¤" objectid="86" type="MONITOR" value="LG localhost:7100$NeoLoad$lgobytesperinterface~localhost:7100~wlan1"/>
<objectids-entry key="¤¤" objectid="87" type="MONITOR" value="LG localhost:7100$NeoLoad$lgibytesperinterface~localhost:7100~wlan0"/>
<objectids-entry key="¤¤" objectid="88" type="MONITOR" value="LG localhost:7100$NeoLoad$lgobytesperinterface~localhost:7100~wlan0"/>
<objectids-entry key="¤¤" objectid="89" type="MONITOR" value="LG localhost:7100$NeoLoad$lgibytesperinterface~localhost:7100~eth5"/>
<objectids-entry key="¤¤" objectid="90" type="MONITOR" value="LG localhost:7100$NeoLoad$lgobytesperinterface~localhost:7100~eth5"/>
<objectids-entry key="¤¤" objectid="91" type="MONITOR" value="LG localhost:7100$NeoLoad$lgibytesperinterface~localhost:7100~eth2"/>
<objectids-entry key="¤¤" objectid="92" type="MONITOR" value="LG localhost:7100$NeoLoad$lgobytesperinterface~localhost:7100~eth2"/>
<objectids-entry key="¤¤" objectid="93" type="MONITOR" value="LG localhost:7100$NeoLoad$lgibytesperinterface~localhost:7100~eth0"/>
<objectids-entry key="¤¤" objectid="94" type="MONITOR" value="LG localhost:7100$NeoLoad$lgobytesperinterface~localhost:7100~eth0"/>
<objectids-entry key="¤¤" objectid="95" type="MONITOR" value="LG localhost:7100$NeoLoad$lgibytesperinterface~localhost:7100~eth23"/>
<objectids-entry key="¤¤" objectid="96" type="MONITOR" value="LG localhost:7100$NeoLoad$lgobytesperinterface~localhost:7100~eth23"/>
</objectids-table>
<!--****** DURATION ******-->
<duration value="0"/>
<!--****** AGGREGATION PERIOD ******-->
<aggregation-period value="1000"/>
<!--****** EXTENDED STATISTICS ******-->
<truncated-mean centered-interval="true" percentage="90"/>
<percentile percentage="50"/>
</project>
